Anio,Edad,Sexo,Poblacion
2000,0,Hombres,1312876
2000,0,Mujeres,1340815
2000,0,Total,2653691
2000,1,Hombres,1318735
2000,1,Mujeres,1407918
2000,1,Total,2726653
2000,2,Hombres,1284512
2000,2,Mujeres,1336942
2000,2,Total,2621454
2000,3,Hombres,1354886
2000,3,Mujeres,1377398
2000,3,Total,2732284
2000,4,Hombres,1275380
2000,4,Mujeres,1368315
2000,4,Total,2643695
2000,5,Hombres,1217633
2000,5,Mujeres,1267243
2000,5,Total,2484876
2000,6,Hombres,1243763
2000,6,Mujeres,1211431
2000,6,Total,2455194
2000,7,Hombres,1170902
2000,7,Mujeres,1263520
2000,7,Total,2434422
2000,8,Hombres,1197280
2000,8,Mujeres,1297316
2000,8,Total,2494596
2000,9,Hombres,1201163
2000,9,Mujeres,1230747
2000,9,Total,2431910
2000,10,Hombres,1289093
2000,10,Mujeres,1276494
2000,10,Total,2565587
2000,11,Hombres,1237301
2000,11,Mujeres,1230267
2000,11,Total,2467568
2000,12,Hombres,1214633
2000,12,Mujeres,1289476
2000,12,Total,2504109
2000,13,Hombres,1192162
2000,13,Mujeres,1299685
2000,13,Total,2491847
2000,14,Hombres,1212549
2000,14,Mujeres,1273953
2000,14,Total,2486502
2000,15,Hombres,1097033
2000,15,Mujeres,1227414
2000,15,Total,2324447
2000,16,Hombres,1116747
2000,16,Mujeres,1125902
2000,16,Total,2242649
2000,17,Hombres,1144768
2000,17,Mujeres,1120212
2000,17,Total,2264980
2000,18,Hombres,1124200
2000,18,Mujeres,1094438
2000,18,Total,2218638
2000,19,Hombres,1072684
2000,19,Mujeres,1169667
2000,19,Total,2242351
2000,20,Hombres,1141950
2000,20,Mujeres,1168778
2000,20,Total,2310728
2000,21,Hombres,1113323
2000,21,Mujeres,1152296
2000,21,Total,2265619
2000,22,Hombres,1067645
2000,22,Mujeres,1137688
2000,22,Total,2205333
2000,23,Hombres,1101761
2000,23,Mujeres,1199676
2000,23,Total,2301437
2000,24,Hombres,1128716
2000,24,Mujeres,1101298
2000,24,Total,2230014
2000,25,Hombres,949946
2000,25,Mujeres,967887
2000,25,Total,1917833
2000,26,Hombres,921694
2000,26,Mujeres,997168
2000,26,Total,1918862
2000,27,Hombres,969898
2000,27,Mujeres,1006557
2000,27,Total,1976455
2000,28,Hombres,917113
2000,28,Mujeres,970116
2000,28,Total,1887229
2000,29,Hombres,950149
2000,29,Mujeres,1007857
2000,29,Total,1958006
2000,30,Hombres,927275
2000,30,Mujeres,973746
2000,30,Total,1901021
2000,31,Hombres,909574
2000,31,Mujeres,944060
2000,31,Total,1853634
2000,32,Hombres,963732
2000,32,Mujeres,1019040
2000,32,Total,1982772
2000,33,Hombres,938767
2000,33,Mujeres,1008679
2000,33,Total,1947446
2000,34,Hombres,951006
2000,34,Mujeres,960248
2000,34,Total,1911254
2000,35,Hombres,772687
2000,35,Mujeres,832309
2000,35,Total,1604996
2000,36,Hombres,763578
2000,36,Mujeres,832944
2000,36,Total,1596522
2000,37,Hombres,704324
2000,37,Mujeres,815217
2000,37,Total,1519541
2000,38,Hombres,766396
2000,38,Mujeres,788463
2000,38,Total,1554859
2000,39,Hombres,766504
2000,39,Mujeres,748160
2000,39,Total,1514664
2000,40,Hombres,759362
2000,40,Mujeres,804123
2000,40,Total,1563485
2000,41,Hombres,798291
2000,41,Mujeres,783229
2000,41,Total,1581520
2000,42,Hombres,745859
2000,42,Mujeres,783624
2000,42,Total,1529483
2000,43,Hombres,785392
2000,43,Mujeres,803446
2000,43,Total,1588838
2000,44,Hombres,752251
2000,44,Mujeres,807850
2000,44,Total,1560101
2000,45,Hombres,589712
2000,45,Mujeres,629784
2000,45,Total,1219496
2000,46,Hombres,575615
2000,46,Mujeres,605984
2000,46,Total,1181599
2000,47,Hombres,581083
2000,47,Mujeres,585129
2000,47,Total,1166212
2000,48,Hombres,593223
2000,48,Mujeres,616792
2000,48,Total,1210015
2000,49,Hombres,588090
2000,49,Mujeres,607692
2000,49,Total,1195782
2000,50,Hombres,563032
2000,50,Mujeres,604276
2000,50,Total,1167308
2000,51,Hombres,581954
2000,51,Mujeres,597270
2000,51,Total,1179224
2000,52,Hombres,585154
2000,52,Mujeres,619418
2000,52,Total,1204572
2000,53,Hombres,621272
2000,53,Mujeres,615205
2000,53,Total,1236477
2000,54,Hombres,592543
2000,54,Mujeres,610633
2000,54,Total,1203176
2000,55,Hombres,387907
2000,55,Mujeres,428059
2000,55,Total,815966
2000,56,Hombres,412343
2000,56,Mujeres,460057
2000,56,Total,872400
2000,57,Hombres,409224
2000,57,Mujeres,432275
2000,57,Total,841499
2000,58,Hombres,411171
2000,58,Mujeres,413380
2000,58,Total,824551
2000,59,Hombres,425711
2000,59,Mujeres,438063
2000,59,Total,863774
2000,60,Hombres,421367
2000,60,Mujeres,416712
2000,60,Total,838079
2000,61,Hombres,428921
2000,61,Mujeres,410383
2000,61,Total,839304
2000,62,Hombres,418846
2000,62,Mujeres,456551
2000,62,Total,875397
2000,63,Hombres,399368
2000,63,Mujeres,421121
2000,63,Total,820489
2000,64,Hombres,412830
2000,64,Mujeres,421929
2000,64,Total,834759
2000,65,Hombres,224258
2000,65,Mujeres,245303
2000,65,Total,469561
2000,66,Hombres,227704
2000,66,Mujeres,248278
2000,66,Total,475982
2000,67,Hombres,228712
2000,67,Mujeres,256182
2000,67,Total,484894
2000,68,Hombres,229673
2000,68,Mujeres,242434
2000,68,Total,472107
2000,69,Hombres,240940
2000,69,Mujeres,235760
2000,69,Total,476700
2000,70,Hombres,236804
2000,70,Mujeres,254399
2000,70,Total,491203
2000,71,Hombres,223857
2000,71,Mujeres,246155
2000,71,Total,470012
2000,72,Hombres,237033
2000,72,Mujeres,250541
2000,72,Total,487574
2000,73,Hombres,226472
2000,73,Mujeres,235102
2000,73,Total,461574
2000,74,Hombres,238882
2000,74,Mujeres,246981
2000,74,Total,485863
2000,75,Hombres,88862
2000,75,Mujeres,92754
2000,75,Total,181616
2000,76,Hombres,86400
2000,76,Mujeres,92439
2000,76,Total,178839
2000,77,Hombres,88975
2000,77,Mujeres,89832
2000,77,Total,178807
2000,78,Hombres,93136
2000,78,Mujeres,93104
2000,78,Total,186240
2000,79,Hombres,85047
2000,79,Mujeres,93608
2000,79,Total,178655
2000,80,Hombres,85620
2000,80,Mujeres,93967
2000,80,Total,179587
2000,81,Hombres,91265
2000,81,Mujeres,89539
2000,81,Total,180804
2000,82,Hombres,90749
2000,82,Mujeres,92936
2000,82,Total,183685
2000,83,Hombres,90375
2000,83,Mujeres,97023
2000,83,Total,187398
2000,84,Hombres,87550
2000,84,Mujeres,89724
2000,84,Total,177274
2000,85,Hombres,17169
2000,85,Mujeres,17910
2000,85,Total,35079
2000,86,Hombres,17599
2000,86,Mujeres,18547
2000,86,Total,36146
2000,87,Hombres,17786
2000,87,Mujeres,18815
2000,87,Total,36601
2000,88,Hombres,17646
2000,88,Mujeres,19160
2000,88,Total,36806
2000,89,Hombres,17499
2000,89,Mujeres,19858
2000,89,Total,37357
2000,90,Hombres,17971
2000,90,Mujeres,17887
2000,90,Total,35858
2000,91,Hombres,17073
2000,91,Mujeres,18625
2000,91,Total,35698
2000,92,Hombres,17521
2000,92,Mujeres,18753
2000,92,Total,36274
2000,93,Hombres,17890
2000,93,Mujeres,18319
2000,93,Total,36209
2000,94,Hombres,17191
2000,94,Mujeres,17525
2000,94,Total,34716
2000,95,Hombres,2900
2000,95,Mujeres,3138
2000,95,Total,6038
2000,96,Hombres,2958
2000,96,Mujeres,2945
2000,96,Total,5903
2000,97,Hombres,2955
2000,97,Mujeres,3095
2000,97,Total,6050
2000,98,Hombres,2862
2000,98,Mujeres,3074
2000,98,Total,5936
2000,99,Hombres,2945
2000,99,Mujeres,2955
2000,99,Total,5900
2000,100,Hombres,2971
2000,100,Mujeres,3111
2000,100,Total,6082
2001,0,Hombres,1351658
2001,0,Mujeres,1405632
2001,0,Total,2757290
2001,1,Hombres,1255017
2001,1,Mujeres,1324221
2001,1,Total,2579238
2001,2,Hombres,1329350
2001,2,Mujeres,1383558
2001,2,Total,2712908
2001,3,Hombres,1329351
2001,3,Mujeres,1520043
2001,3,Total,2849394
2001,4,Hombres,1331544
2001,4,Mujeres,1408974
2001,4,Total,2740518
2001,5,Hombres,1285381
2001,5,Mujeres,1326038
2001,5,Total,2611419
2001,6,Hombres,1237798
2001,6,Mujeres,1330236
2001,6,Total,2568034
2001,7,Hombres,1220645
2001,7,Mujeres,1291382
2001,7,Total,2512027
2001,8,Hombres,1231422
2001,8,Mujeres,1303817
2001,8,Total,2535239
2001,9,Hombres,1336390
2001,9,Mujeres,1227764
2001,9,Total,2564154
2001,10,Hombres,1275344
2001,10,Mujeres,1237696
2001,10,Total,2513040
2001,11,Hombres,1231925
2001,11,Mujeres,1343111
2001,11,Total,2575036
2001,12,Hombres,1252027
2001,12,Mujeres,1258570
2001,12,Total,2510597
2001,13,Hombres,1222801
2001,13,Mujeres,1327139
2001,13,Total,2549940
2001,14,Hombres,1222237
2001,14,Mujeres,1309068
2001,14,Total,2531305
2001,15,Hombres,1132152
2001,15,Mujeres,1153750
2001,15,Total,2285902
2001,16,Hombres,1203325
2001,16,Mujeres,1199132
2001,16,Total,2402457
2001,17,Hombres,1061917
2001,17,Mujeres,1183335
2001,17,Total,2245252
2001,18,Hombres,1108159
2001,18,Mujeres,1206846
2001,18,Total,2315005
2001,19,Hombres,1103725
2001,19,Mujeres,1172703
2001,19,Total,2276428
2001,20,Hombres,1147734
2001,20,Mujeres,1207317
2001,20,Total,2355051
2001,21,Hombres,1089894
2001,21,Mujeres,1164944
2001,21,Total,2254838
2001,22,Hombres,1114497
2001,22,Mujeres,1153689
2001,22,Total,2268186
2001,23,Hombres,1190487
2001,23,Mujeres,1191050
2001,23,Total,2381537
2001,24,Hombres,1087839
2001,24,Mujeres,1209156
2001,24,Total,2296995
2001,25,Hombres,1012704
2001,25,Mujeres,1021644
2001,25,Total,2034348
2001,26,Hombres,908692
2001,26,Mujeres,976554
2001,26,Total,1885246
2001,27,Hombres,988275
2001,27,Mujeres,969912
2001,27,Total,1958187
2001,28,Hombres,964766
2001,28,Mujeres,1013979
2001,28,Total,1978745
2001,29,Hombres,925613
2001,29,Mujeres,989180
2001,29,Total,1914793
2001,30,Hombres,859510
2001,30,Mujeres,960496
2001,30,Total,1820006
2001,31,Hombres,944875
2001,31,Mujeres,953855
2001,31,Total,1898730
2001,32,Hombres,998715
2001,32,Mujeres,948434
2001,32,Total,1947149
2001,33,Hombres,939520
2001,33,Mujeres,994837
2001,33,Total,1934357
2001,34,Hombres,993256
2001,34,Mujeres,948264
2001,34,Total,1941520
2001,35,Hombres,800566
2001,35,Mujeres,805394
2001,35,Total,1605960
2001,36,Hombres,750794
2001,36,Mujeres,816309
2001,36,Total,1567103
2001,37,Hombres,778192
2001,37,Mujeres,790649
2001,37,Total,1568841
2001,38,Hombres,775192
2001,38,Mujeres,795840
2001,38,Total,1571032
2001,39,Hombres,776207
2001,39,Mujeres,821140
2001,39,Total,1597347
2001,40,Hombres,810379
2001,40,Mujeres,775248
2001,40,Total,1585627
2001,41,Hombres,823074
2001,41,Mujeres,757995
2001,41,Total,1581069
2001,42,Hombres,770050
2001,42,Mujeres,819357
2001,42,Total,1589407
2001,43,Hombres,780093
2001,43,Mujeres,790106
2001,43,Total,1570199
2001,44,Hombres,768742
2001,44,Mujeres,793239
2001,44,Total,1561981
2001,45,Hombres,584534
2001,45,Mujeres,635129
2001,45,Total,1219663
2001,46,Hombres,601429
2001,46,Mujeres,606469
2001,46,Total,1207898
2001,47,Hombres,611115
2001,47,Mujeres,625053
2001,47,Total,1236168
2001,48,Hombres,609566
2001,48,Mujeres,631042
2001,48,Total,1240608
2001,49,Hombres,580257
2001,49,Mujeres,608935
2001,49,Total,1189192
2001,50,Hombres,608396
2001,50,Mujeres,630684
2001,50,Total,1239080
2001,51,Hombres,594682
2001,51,Mujeres,621523
2001,51,Total,1216205
2001,52,Hombres,617864
2001,52,Mujeres,608352
2001,52,Total,1226216
2001,53,Hombres,604822
2001,53,Mujeres,615587
2001,53,Total,1220409
2001,54,Hombres,591170
2001,54,Mujeres,639759
2001,54,Total,1230929
2001,55,Hombres,426853
2001,55,Mujeres,444121
2001,55,Total,870974
2001,56,Hombres,432852
2001,56,Mujeres,433813
2001,56,Total,866665
2001,57,Hombres,425061
2001,57,Mujeres,429505
2001,57,Total,854566
2001,58,Hombres,420590
2001,58,Mujeres,431848
2001,58,Total,852438
2001,59,Hombres,417751
2001,59,Mujeres,441281
2001,59,Total,859032
2001,60,Hombres,406314
2001,60,Mujeres,460754
2001,60,Total,867068
2001,61,Hombres,403967
2001,61,Mujeres,417748
2001,61,Total,821715
2001,62,Hombres,431011
2001,62,Mujeres,443837
2001,62,Total,874848
2001,63,Hombres,424338
2001,63,Mujeres,441713
2001,63,Total,866051
2001,64,Hombres,416386
2001,64,Mujeres,421870
2001,64,Total,838256
2001,65,Hombres,238563
2001,65,Mujeres,242704
2001,65,Total,481267
2001,66,Hombres,244985
2001,66,Mujeres,246644
2001,66,Total,491629
2001,67,Hombres,232127
2001,67,Mujeres,245349
2001,67,Total,477476
2001,68,Hombres,240971
2001,68,Mujeres,243547
2001,68,Total,484518
2001,69,Hombres,232151
2001,69,Mujeres,249548
2001,69,Total,481699
2001,70,Hombres,239771
2001,70,Mujeres,243969
2001,70,Total,483740
2001,71,Hombres,234658
2001,71,Mujeres,249462
2001,71,Total,484120
2001,72,Hombres,227682
2001,72,Mujeres,237277
2001,72,Total,464959
2001,73,Hombres,232892
2001,73,Mujeres,246151
2001,73,Total,479043
2001,74,Hombres,240242
2001,74,Mujeres,258702
2001,74,Total,498944
2001,75,Hombres,91554
2001,75,Mujeres,92455
2001,75,Total,184009
2001,76,Hombres,89207
2001,76,Mujeres,90107
2001,76,Total,179314
2001,77,Hombres,89208
2001,77,Mujeres,92097
2001,77,Total,181305
2001,78,Hombres,90122
2001,78,Mujeres,90596
2001,78,Total,180718
2001,79,Hombres,90649
2001,79,Mujeres,97173
2001,79,Total,187822
2001,80,Hombres,88967
2001,80,Mujeres,94021
2001,80,Total,182988
2001,81,Hombres,91106
2001,81,Mujeres,91783
2001,81,Total,182889
2001,82,Hombres,89858
2001,82,Mujeres,92936
2001,82,Total,182794
2001,83,Hombres,89519
2001,83,Mujeres,90747
2001,83,Total,180266
2001,84,Hombres,89324
2001,84,Mujeres,94289
2001,84,Total,183613
2001,85,Hombres,18628
2001,85,Mujeres,19115
2001,85,Total,37743
2001,86,Hombres,19004
2001,86,Mujeres,18152
2001,86,Total,37156
2001,87,Hombres,18318
2001,87,Mujeres,18682
2001,87,Total,37000
2001,88,Hombres,19024
2001,88,Mujeres,18129
2001,88,Total,37153
2001,89,Hombres,17401
2001,89,Mujeres,18246
2001,89,Total,35647
2001,90,Hombres,16714
2001,90,Mujeres,18287
2001,90,Total,35001
2001,91,Hombres,17445
2001,91,Mujeres,18664
2001,91,Total,36109
2001,92,Hombres,18034
2001,92,Mujeres,19626
2001,92,Total,37660
2001,93,Hombres,18360
2001,93,Mujeres,18258
2001,93,Total,36618
2001,94,Hombres,17370
2001,94,Mujeres,18854
2001,94,Total,36224
2001,95,Hombres,2857
2001,95,Mujeres,3266
2001,95,Total,6123
2001,96,Hombres,3080
2001,96,Mujeres,3053
2001,96,Total,6133
2001,97,Hombres,2822
2001,97,Mujeres,3222
2001,97,Total,6044
2001,98,Hombres,2965
2001,98,Mujeres,3211
2001,98,Total,6176
2001,99,Hombres,2832
2001,99,Mujeres,3041
2001,99,Total,5873
2001,100,Hombres,2975
2001,100,Mujeres,3101
2001,100,Total,6076
2002,0,Hombres,1306944
2002,0,Mujeres,1404673
2002,0,Total,2711617
2002,1,Hombres,1282400
2002,1,Mujeres,1373017
2002,1,Total,2655417
2002,2,Hombres,1329613
2002,2,Mujeres,1400188
2002,2,Total,2729801
2002,3,Hombres,1353115
2002,3,Mujeres,1332384
2002,3,Total,2685499
2002,4,Hombres,1263859
2002,4,Mujeres,1431761
2002,4,Total,2695620
2002,5,Hombres,1277220
2002,5,Mujeres,1286674
2002,5,Total,2563894
2002,6,Hombres,1323461
2002,6,Mujeres,1320797
2002,6,Total,2644258
2002,7,Hombres,1309353
2002,7,Mujeres,1318895
2002,7,Total,2628248
2002,8,Hombres,1342794
2002,8,Mujeres,1385542
2002,8,Total,2728336
2002,9,Hombres,1255167
2002,9,Mujeres,1354594
2002,9,Total,2609761
2002,10,Hombres,1289097
2002,10,Mujeres,1370272
2002,10,Total,2659369
2002,11,Hombres,1228005
2002,11,Mujeres,1343319
2002,11,Total,2571324
2002,12,Hombres,1304767
2002,12,Mujeres,1246782
2002,12,Total,2551549
2002,13,Hombres,1219722
2002,13,Mujeres,1235706
2002,13,Total,2455428
2002,14,Hombres,1254392
2002,14,Mujeres,1344563
2002,14,Total,2598955
2002,15,Hombres,1195742
2002,15,Mujeres,1193521
2002,15,Total,2389263
2002,16,Hombres,1200076
2002,16,Mujeres,1141568
2002,16,Total,2341644
2002,17,Hombres,1085704
2002,17,Mujeres,1188890
2002,17,Total,2274594
2002,18,Hombres,1157356
2002,18,Mujeres,1189706
2002,18,Total,2347062
2002,19,Hombres,1073208
2002,19,Mujeres,1187690
2002,19,Total,2260898
2002,20,Hombres,1099397
2002,20,Mujeres,1214799
2002,20,Total,2314196
2002,21,Hombres,1156757
2002,21,Mujeres,1157296
2002,21,Total,2314053
2002,22,Hombres,1126535
2002,22,Mujeres,1153032
2002,22,Total,2279567
2002,23,Hombres,1142022
2002,23,Mujeres,1224998
2002,23,Total,2367020
2002,24,Hombres,1110338
2002,24,Mujeres,1208882
2002,24,Total,2319220
2002,25,Hombres,948187
2002,25,Mujeres,978988
2002,25,Total,1927175
2002,26,Hombres,960420
2002,26,Mujeres,971696
2002,26,Total,1932116
2002,27,Hombres,947511
2002,27,Mujeres,966803
2002,27,Total,1914314
2002,28,Hombres,1020305
2002,28,Mujeres,1003902
2002,28,Total,2024207
2002,29,Hombres,943288
2002,29,Mujeres,1009279
2002,29,Total,1952567
2002,30,Hombres,960267
2002,30,Mujeres,996193
2002,30,Total,1956460
2002,31,Hombres,981267
2002,31,Mujeres,1025631
2002,31,Total,2006898
2002,32,Hombres,948180
2002,32,Mujeres,985518
2002,32,Total,1933698
2002,33,Hombres,955564
2002,33,Mujeres,933587
2002,33,Total,1889151
2002,34,Hombres,919717
2002,34,Mujeres,1043964
2002,34,Total,1963681
2002,35,Hombres,821488
2002,35,Mujeres,808721
2002,35,Total,1630209
2002,36,Hombres,796396
2002,36,Mujeres,822417
2002,36,Total,1618813
2002,37,Hombres,855165
2002,37,Mujeres,842176
2002,37,Total,1697341
2002,38,Hombres,779851
2002,38,Mujeres,791451
2002,38,Total,1571302
2002,39,Hombres,745127
2002,39,Mujeres,819782
2002,39,Total,1564909
2002,40,Hombres,765092
2002,40,Mujeres,780043
2002,40,Total,1545135
2002,41,Hombres,767670
2002,41,Mujeres,788371
2002,41,Total,1556041
2002,42,Hombres,822479
2002,42,Mujeres,836360
2002,42,Total,1658839
2002,43,Hombres,782668
2002,43,Mujeres,850985
2002,43,Total,1633653
2002,44,Hombres,784672
2002,44,Mujeres,793755
2002,44,Total,1578427
2002,45,Hombres,629713
2002,45,Mujeres,636909
2002,45,Total,1266622
2002,46,Hombres,583457
2002,46,Mujeres,623197
2002,46,Total,1206654
2002,47,Hombres,586377
2002,47,Mujeres,600774
2002,47,Total,1187151
2002,48,Hombres,618928
2002,48,Mujeres,662679
2002,48,Total,1281607
2002,49,Hombres,576930
2002,49,Mujeres,637361
2002,49,Total,1214291
2002,50,Hombres,590442
2002,50,Mujeres,617616
2002,50,Total,1208058
2002,51,Hombres,591494
2002,51,Mujeres,610530
2002,51,Total,1202024
2002,52,Hombres,603073
2002,52,Mujeres,611151
2002,52,Total,1214224
2002,53,Hombres,607082
2002,53,Mujeres,625831
2002,53,Total,1232913
2002,54,Hombres,597879
2002,54,Mujeres,609710
2002,54,Total,1207589
2002,55,Hombres,414243
2002,55,Mujeres,448685
2002,55,Total,862928
2002,56,Hombres,427872
2002,56,Mujeres,425876
2002,56,Total,853748
2002,57,Hombres,422793
2002,57,Mujeres,448633
2002,57,Total,871426
2002,58,Hombres,400426
2002,58,Mujeres,445895
2002,58,Total,846321
2002,59,Hombres,413158
2002,59,Mujeres,446253
2002,59,Total,859411
2002,60,Hombres,411885
2002,60,Mujeres,414986
2002,60,Total,826871
2002,61,Hombres,400955
2002,61,Mujeres,439376
2002,61,Total,840331
2002,62,Hombres,424822
2002,62,Mujeres,426840
2002,62,Total,851662
2002,63,Hombres,429613
2002,63,Mujeres,416873
2002,63,Total,846486
2002,64,Hombres,420702
2002,64,Mujeres,422803
2002,64,Total,843505
2002,65,Hombres,236168
2002,65,Mujeres,251066
2002,65,Total,487234
2002,66,Hombres,234661
2002,66,Mujeres,247818
2002,66,Total,482479
2002,67,Hombres,248150
2002,67,Mujeres,246371
2002,67,Total,494521
2002,68,Hombres,246917
2002,68,Mujeres,242213
2002,68,Total,489130
2002,69,Hombres,244707
2002,69,Mujeres,261552
2002,69,Total,506259
2002,70,Hombres,223017
2002,70,Mujeres,244716
2002,70,Total,467733
2002,71,Hombres,245048
2002,71,Mujeres,249183
2002,71,Total,494231
2002,72,Hombres,243560
2002,72,Mujeres,246167
2002,72,Total,489727
2002,73,Hombres,241504
2002,73,Mujeres,249539
2002,73,Total,491043
2002,74,Hombres,249317
2002,74,Mujeres,252624
2002,74,Total,501941
2002,75,Hombres,91244
2002,75,Mujeres,92854
2002,75,Total,184098
2002,76,Hombres,89008
2002,76,Mujeres,92796
2002,76,Total,181804
2002,77,Hombres,91398
2002,77,Mujeres,92829
2002,77,Total,184227
2002,78,Hombres,91114
2002,78,Mujeres,99870
2002,78,Total,190984
2002,79,Hombres,92690
2002,79,Mujeres,93096
2002,79,Total,185786
2002,80,Hombres,93584
2002,80,Mujeres,92865
2002,80,Total,186449
2002,81,Hombres,84806
2002,81,Mujeres,91173
2002,81,Total,175979
2002,82,Hombres,85259
2002,82,Mujeres,93024
2002,82,Total,178283
2002,83,Hombres,90379
2002,83,Mujeres,98744
2002,83,Total,189123
2002,84,Hombres,91215
2002,84,Mujeres,93398
2002,84,Total,184613
2002,85,Hombres,18515
2002,85,Mujeres,17555
2002,85,Total,36070
2002,86,Hombres,18193
2002,86,Mujeres,19238
2002,86,Total,37431
2002,87,Hombres,17264
2002,87,Mujeres,19448
2002,87,Total,36712
2002,88,Hombres,18249
2002,88,Mujeres,18569
2002,88,Total,36818
2002,89,Hombres,18408
2002,89,Mujeres,20084
2002,89,Total,38492
2002,90,Hombres,18164
2002,90,Mujeres,18943
2002,90,Total,37107
2002,91,Hombres,17816
2002,91,Mujeres,18323
2002,91,Total,36139
2002,92,Hombres,18515
2002,92,Mujeres,18320
2002,92,Total,36835
2002,93,Hombres,18104
2002,93,Mujeres,18533
2002,93,Total,36637
2002,94,Hombres,18325
2002,94,Mujeres,18991
2002,94,Total,37316
2002,95,Hombres,3104
2002,95,Mujeres,3085
2002,95,Total,6189
2002,96,Hombres,2986
2002,96,Mujeres,3041
2002,96,Total,6027
2002,97,Hombres,2970
2002,97,Mujeres,3169
2002,97,Total,6139
2002,98,Hombres,3079
2002,98,Mujeres,3047
2002,98,Total,6126
2002,99,Hombres,3089
2002,99,Mujeres,3261
2002,99,Total,6350
2002,100,Hombres,3048
2002,100,Mujeres,3310
2002,100,Total,6358
2003,0,Hombres,1309607
2003,0,Mujeres,1343348
2003,0,Total,2652955
2003,1,Hombres,1269187
2003,1,Mujeres,1458084
2003,1,Total,2727271
2003,2,Hombres,1367050
2003,2,Mujeres,1393127
2003,2,Total,2760177
2003,3,Hombres,1351991
2003,3,Mujeres,1348337
2003,3,Total,2700328
2003,4,Hombres,1439103
2003,4,Mujeres,1400864
2003,4,Total,2839967
2003,5,Hombres,1283988
2003,5,Mujeres,1361026
2003,5,Total,2645014
2003,6,Hombres,1298256
2003,6,Mujeres,1340971
2003,6,Total,2639227
2003,7,Hombres,1249439
2003,7,Mujeres,1350864
2003,7,Total,2600303
2003,8,Hombres,1352046
2003,8,Mujeres,1385788
2003,8,Total,2737834
2003,9,Hombres,1340956
2003,9,Mujeres,1311596
2003,9,Total,2652552
2003,10,Hombres,1241793
2003,10,Mujeres,1326998
2003,10,Total,2568791
2003,11,Hombres,1281927
2003,11,Mujeres,1375749
2003,11,Total,2657676
2003,12,Hombres,1214808
2003,12,Mujeres,1393146
2003,12,Total,2607954
2003,13,Hombres,1273721
2003,13,Mujeres,1314966
2003,13,Total,2588687
2003,14,Hombres,1240929
2003,14,Mujeres,1265895
2003,14,Total,2506824
2003,15,Hombres,1186498
2003,15,Mujeres,1207815
2003,15,Total,2394313
2003,16,Hombres,1113094
2003,16,Mujeres,1158341
2003,16,Total,2271435
2003,17,Hombres,1146239
2003,17,Mujeres,1265508
2003,17,Total,2411747
2003,18,Hombres,1148886
2003,18,Mujeres,1150819
2003,18,Total,2299705
2003,19,Hombres,1149367
2003,19,Mujeres,1195304
2003,19,Total,2344671
2003,20,Hombres,1064221
2003,20,Mujeres,1203202
2003,20,Total,2267423
2003,21,Hombres,1149881
2003,21,Mujeres,1230336
2003,21,Total,2380217
2003,22,Hombres,1222131
2003,22,Mujeres,1245896
2003,22,Total,2468027
2003,23,Hombres,1148563
2003,23,Mujeres,1165158
2003,23,Total,2313721
2003,24,Hombres,1247294
2003,24,Mujeres,1207306
2003,24,Total,2454600
2003,25,Hombres,975484
2003,25,Mujeres,1014141
2003,25,Total,1989625
2003,26,Hombres,980871
2003,26,Mujeres,1010480
2003,26,Total,1991351
2003,27,Hombres,958295
2003,27,Mujeres,998226
2003,27,Total,1956521
2003,28,Hombres,974118
2003,28,Mujeres,998330
2003,28,Total,1972448
2003,29,Hombres,954224
2003,29,Mujeres,1018116
2003,29,Total,1972340
2003,30,Hombres,967618
2003,30,Mujeres,1060666
2003,30,Total,2028284
2003,31,Hombres,897529
2003,31,Mujeres,1048108
2003,31,Total,1945637
2003,32,Hombres,1011527
2003,32,Mujeres,951748
2003,32,Total,1963275
2003,33,Hombres,965052
2003,33,Mujeres,1003566
2003,33,Total,1968618
2003,34,Hombres,933903
2003,34,Mujeres,991194
2003,34,Total,1925097
2003,35,Hombres,765854
2003,35,Mujeres,867933
2003,35,Total,1633787
2003,36,Hombres,814488
2003,36,Mujeres,856041
2003,36,Total,1670529
2003,37,Hombres,809402
2003,37,Mujeres,796656
2003,37,Total,1606058
2003,38,Hombres,779783
2003,38,Mujeres,836692
2003,38,Total,1616475
2003,39,Hombres,763203
2003,39,Mujeres,842224
2003,39,Total,1605427
2003,40,Hombres,786538
2003,40,Mujeres,815314
2003,40,Total,1601852
2003,41,Hombres,809147
2003,41,Mujeres,835576
2003,41,Total,1644723
2003,42,Hombres,783670
2003,42,Mujeres,853265
2003,42,Total,1636935
2003,43,Hombres,766555
2003,43,Mujeres,839823
2003,43,Total,1606378
2003,44,Hombres,806346
2003,44,Mujeres,816929
2003,44,Total,1623275
2003,45,Hombres,615385
2003,45,Mujeres,610490
2003,45,Total,1225875
2003,46,Hombres,626316
2003,46,Mujeres,630778
2003,46,Total,1257094
2003,47,Hombres,599866
2003,47,Mujeres,654258
2003,47,Total,1254124
2003,48,Hombres,596545
2003,48,Mujeres,607495
2003,48,Total,1204040
2003,49,Hombres,580963
2003,49,Mujeres,645829
2003,49,Total,1226792
2003,50,Hombres,586013
2003,50,Mujeres,667689
2003,50,Total,1253702
2003,51,Hombres,571359
2003,51,Mujeres,666579
2003,51,Total,1237938
2003,52,Hombres,613280
2003,52,Mujeres,632457
2003,52,Total,1245737
2003,53,Hombres,599460
2003,53,Mujeres,641892
2003,53,Total,1241352
2003,54,Hombres,608734
2003,54,Mujeres,655292
2003,54,Total,1264026
2003,55,Hombres,428057
2003,55,Mujeres,446010
2003,55,Total,874067
2003,56,Hombres,421942
2003,56,Mujeres,443249
2003,56,Total,865191
2003,57,Hombres,430535
2003,57,Mujeres,421228
2003,57,Total,851763
2003,58,Hombres,409342
2003,58,Mujeres,453908
2003,58,Total,863250
2003,59,Hombres,428782
2003,59,Mujeres,441557
2003,59,Total,870339
2003,60,Hombres,426832
2003,60,Mujeres,448638
2003,60,Total,875470
2003,61,Hombres,419688
2003,61,Mujeres,433640
2003,61,Total,853328
2003,62,Hombres,429102
2003,62,Mujeres,430976
2003,62,Total,860078
2003,63,Hombres,431820
2003,63,Mujeres,421329
2003,63,Total,853149
2003,64,Hombres,439767
2003,64,Mujeres,450303
2003,64,Total,890070
2003,65,Hombres,245641
2003,65,Mujeres,261198
2003,65,Total,506839
2003,66,Hombres,255948
2003,66,Mujeres,261439
2003,66,Total,517387
2003,67,Hombres,230306
2003,67,Mujeres,243979
2003,67,Total,474285
2003,68,Hombres,239199
2003,68,Mujeres,253917
2003,68,Total,493116
2003,69,Hombres,247554
2003,69,Mujeres,248194
2003,69,Total,495748
2003,70,Hombres,245135
2003,70,Mujeres,247969
2003,70,Total,493104
2003,71,Hombres,239297
2003,71,Mujeres,243012
2003,71,Total,482309
2003,72,Hombres,237017
2003,72,Mujeres,243430
2003,72,Total,480447
2003,73,Hombres,236632
2003,73,Mujeres,261738
2003,73,Total,498370
2003,74,Hombres,236826
2003,74,Mujeres,273755
2003,74,Total,510581
2003,75,Hombres,92766
2003,75,Mujeres,95672
2003,75,Total,188438
2003,76,Hombres,89059
2003,76,Mujeres,97143
2003,76,Total,186202
2003,77,Hombres,89834
2003,77,Mujeres,95492
2003,77,Total,185326
2003,78,Hombres,98434
2003,78,Mujeres,94870
2003,78,Total,193304
2003,79,Hombres,94565
2003,79,Mujeres,93137
2003,79,Total,187702
2003,80,Hombres,91317
2003,80,Mujeres,100199
2003,80,Total,191516
2003,81,Hombres,89694
2003,81,Mujeres,100317
2003,81,Total,190011
2003,82,Hombres,93354
2003,82,Mujeres,93539
2003,82,Total,186893
2003,83,Hombres,93147
2003,83,Mujeres,97920
2003,83,Total,191067
2003,84,Hombres,93118
2003,84,Mujeres,90662
2003,84,Total,183780
2003,85,Hombres,17883
2003,85,Mujeres,18887
2003,85,Total,36770
2003,86,Hombres,18241
2003,86,Mujeres,19383
2003,86,Total,37624
2003,87,Hombres,18380
2003,87,Mujeres,18266
2003,87,Total,36646
2003,88,Hombres,18491
2003,88,Mujeres,19377
2003,88,Total,37868
2003,89,Hombres,18589
2003,89,Mujeres,19645
2003,89,Total,38234
2003,90,Hombres,18740
2003,90,Mujeres,19291
2003,90,Total,38031
2003,91,Hombres,18244
2003,91,Mujeres,18080
2003,91,Total,36324
2003,92,Hombres,18518
2003,92,Mujeres,19147
2003,92,Total,37665
2003,93,Hombres,18431
2003,93,Mujeres,18300
2003,93,Total,36731
2003,94,Hombres,17689
2003,94,Mujeres,19630
2003,94,Total,37319
2003,95,Hombres,3043
2003,95,Mujeres,3236
2003,95,Total,6279
2003,96,Hombres,3049
2003,96,Mujeres,3174
2003,96,Total,6223
2003,97,Hombres,3132
2003,97,Mujeres,3122
2003,97,Total,6254
2003,98,Hombres,3055
2003,98,Mujeres,3127
2003,98,Total,6182
2003,99,Hombres,3007
2003,99,Mujeres,3142
2003,99,Total,6149
2003,100,Hombres,3067
2003,100,Mujeres,3125
2003,100,Total,6192
2004,0,Hombres,1407934
2004,0,Mujeres,1374298
2004,0,Total,2782232
2004,1,Hombres,1349212
2004,1,Mujeres,1393570
2004,1,Total,2742782
2004,2,Hombres,1415718
2004,2,Mujeres,1420527
2004,2,Total,2836245
2004,3,Hombres,1398820
2004,3,Mujeres,1349262
2004,3,Total,2748082
2004,4,Hombres,1367689
2004,4,Mujeres,1449889
2004,4,Total,2817578
2004,5,Hombres,1298342
2004,5,Mujeres,1391097
2004,5,Total,2689439
2004,6,Hombres,1275046
2004,6,Mujeres,1405003
2004,6,Total,2680049
2004,7,Hombres,1384468
2004,7,Mujeres,1333335
2004,7,Total,2717803
2004,8,Hombres,1277836
2004,8,Mujeres,1406784
2004,8,Total,2684620
2004,9,Hombres,1356519
2004,9,Mujeres,1326864
2004,9,Total,2683383
2004,10,Hombres,1278819
2004,10,Mujeres,1336613
2004,10,Total,2615432
2004,11,Hombres,1242908
2004,11,Mujeres,1310858
2004,11,Total,2553766
2004,12,Hombres,1256130
2004,12,Mujeres,1316958
2004,12,Total,2573088
2004,13,Hombres,1293798
2004,13,Mujeres,1357480
2004,13,Total,2651278
2004,14,Hombres,1355389
2004,14,Mujeres,1307635
2004,14,Total,2663024
2004,15,Hombres,1206401
2004,15,Mujeres,1211797
2004,15,Total,2418198
2004,16,Hombres,1170059
2004,16,Mujeres,1244317
2004,16,Total,2414376
2004,17,Hombres,1132330
2004,17,Mujeres,1233619
2004,17,Total,2365949
2004,18,Hombres,1177650
2004,18,Mujeres,1237645
2004,18,Total,2415295
2004,19,Hombres,1181964
2004,19,Mujeres,1309463
2004,19,Total,2491427
2004,20,Hombres,1149379
2004,20,Mujeres,1200198
2004,20,Total,2349577
2004,21,Hombres,1149892
2004,21,Mujeres,1199302
2004,21,Total,2349194
2004,22,Hombres,1149391
2004,22,Mujeres,1263131
2004,22,Total,2412522
2004,23,Hombres,1221734
2004,23,Mujeres,1198744
2004,23,Total,2420478
2004,24,Hombres,1142538
2004,24,Mujeres,1236875
2004,24,Total,2379413
2004,25,Hombres,970430
2004,25,Mujeres,1046556
2004,25,Total,2016986
2004,26,Hombres,992784
2004,26,Mujeres,980351
2004,26,Total,1973135
2004,27,Hombres,1032589
2004,27,Mujeres,1082388
2004,27,Total,2114977
2004,28,Hombres,968637
2004,28,Mujeres,1015108
2004,28,Total,1983745
2004,29,Hombres,995240
2004,29,Mujeres,1037359
2004,29,Total,2032599
2004,30,Hombres,1006272
2004,30,Mujeres,1088992
2004,30,Total,2095264
2004,31,Hombres,981539
2004,31,Mujeres,1002457
2004,31,Total,1983996
2004,32,Hombres,945945
2004,32,Mujeres,1004533
2004,32,Total,1950478
2004,33,Hombres,985797
2004,33,Mujeres,1082347
2004,33,Total,2068144
2004,34,Hombres,971454
2004,34,Mujeres,1033949
2004,34,Total,2005403
2004,35,Hombres,801361
2004,35,Mujeres,864232
2004,35,Total,1665593
2004,36,Hombres,862536
2004,36,Mujeres,821191
2004,36,Total,1683727
2004,37,Hombres,789984
2004,37,Mujeres,860621
2004,37,Total,1650605
2004,38,Hombres,818158
2004,38,Mujeres,880713
2004,38,Total,1698871
2004,39,Hombres,815801
2004,39,Mujeres,825487
2004,39,Total,1641288
2004,40,Hombres,815963
2004,40,Mujeres,862237
2004,40,Total,1678200
2004,41,Hombres,821491
2004,41,Mujeres,847181
2004,41,Total,1668672
2004,42,Hombres,827413
2004,42,Mujeres,863754
2004,42,Total,1691167
2004,43,Hombres,835001
2004,43,Mujeres,850721
2004,43,Total,1685722
2004,44,Hombres,797737
2004,44,Mujeres,838154
2004,44,Total,1635891
2004,45,Hombres,639059
2004,45,Mujeres,626177
2004,45,Total,1265236
2004,46,Hombres,623557
2004,46,Mujeres,634334
2004,46,Total,1257891
2004,47,Hombres,617267
2004,47,Mujeres,666528
2004,47,Total,1283795
2004,48,Hombres,620271
2004,48,Mujeres,642803
2004,48,Total,1263074
2004,49,Hombres,591575
2004,49,Mujeres,656279
2004,49,Total,1247854
2004,50,Hombres,628678
2004,50,Mujeres,683567
2004,50,Total,1312245
2004,51,Hombres,611041
2004,51,Mujeres,646129
2004,51,Total,1257170
2004,52,Hombres,621350
2004,52,Mujeres,672286
2004,52,Total,1293636
2004,53,Hombres,614972
2004,53,Mujeres,647282
2004,53,Total,1262254
2004,54,Hombres,627983
2004,54,Mujeres,645502
2004,54,Total,1273485
2004,55,Hombres,425933
2004,55,Mujeres,451952
2004,55,Total,877885
2004,56,Hombres,445620
2004,56,Mujeres,435498
2004,56,Total,881118
2004,57,Hombres,433437
2004,57,Mujeres,439898
2004,57,Total,873335
2004,58,Hombres,447192
2004,58,Mujeres,428803
2004,58,Total,875995
2004,59,Hombres,424476
2004,59,Mujeres,454421
2004,59,Total,878897
2004,60,Hombres,451991
2004,60,Mujeres,448449
2004,60,Total,900440
2004,61,Hombres,424524
2004,61,Mujeres,474694
2004,61,Total,899218
2004,62,Hombres,412961
2004,62,Mujeres,419696
2004,62,Total,832657
2004,63,Hombres,437414
2004,63,Mujeres,442568
2004,63,Total,879982
2004,64,Hombres,418488
2004,64,Mujeres,458885
2004,64,Total,877373
2004,65,Hombres,248498
2004,65,Mujeres,252418
2004,65,Total,500916
2004,66,Hombres,237219
2004,66,Mujeres,263484
2004,66,Total,500703
2004,67,Hombres,251506
2004,67,Mujeres,255999
2004,67,Total,507505
2004,68,Hombres,260361
2004,68,Mujeres,248520
2004,68,Total,508881
2004,69,Hombres,235404
2004,69,Mujeres,251433
2004,69,Total,486837
2004,70,Hombres,246357
2004,70,Mujeres,258638
2004,70,Total,504995
2004,71,Hombres,244909
2004,71,Mujeres,259475
2004,71,Total,504384
2004,72,Hombres,237432
2004,72,Mujeres,267884
2004,72,Total,505316
2004,73,Hombres,246086
2004,73,Mujeres,265370
2004,73,Total,511456
2004,74,Hombres,249230
2004,74,Mujeres,260281
2004,74,Total,509511
2004,75,Hombres,94091
2004,75,Mujeres,97579
2004,75,Total,191670
2004,76,Hombres,94294
2004,76,Mujeres,100125
2004,76,Total,194419
2004,77,Hombres,93055
2004,77,Mujeres,98334
2004,77,Total,191389
2004,78,Hombres,92261
2004,78,Mujeres,100446
2004,78,Total,192707
2004,79,Hombres,90633
2004,79,Mujeres,101488
2004,79,Total,192121
2004,80,Hombres,92398
2004,80,Mujeres,92153
2004,80,Total,184551
2004,81,Hombres,92865
2004,81,Mujeres,94319
2004,81,Total,187184
2004,82,Hombres,94843
2004,82,Mujeres,94401
2004,82,Total,189244
2004,83,Hombres,91272
2004,83,Mujeres,90828
2004,83,Total,182100
2004,84,Hombres,91255
2004,84,Mujeres,89284
2004,84,Total,180539
2004,85,Hombres,17622
2004,85,Mujeres,19696
2004,85,Total,37318
2004,86,Hombres,18938
2004,86,Mujeres,19503
2004,86,Total,38441
2004,87,Hombres,17965
2004,87,Mujeres,19229
2004,87,Total,37194
2004,88,Hombres,18500
2004,88,Mujeres,18588
2004,88,Total,37088
2004,89,Hombres,19336
2004,89,Mujeres,19764
2004,89,Total,39100
2004,90,Hombres,18379
2004,90,Mujeres,19272
2004,90,Total,37651
2004,91,Hombres,18617
2004,91,Mujeres,18077
2004,91,Total,36694
2004,92,Hombres,18364
2004,92,Mujeres,18863
2004,92,Total,37227
2004,93,Hombres,17946
2004,93,Mujeres,19094
2004,93,Total,37040
2004,94,Hombres,19499
2004,94,Mujeres,19627
2004,94,Total,39126
2004,95,Hombres,3030
2004,95,Mujeres,3264
2004,95,Total,6294
2004,96,Hombres,3213
2004,96,Mujeres,3298
2004,96,Total,6511
2004,97,Hombres,3089
2004,97,Mujeres,3147
2004,97,Total,6236
2004,98,Hombres,3148
2004,98,Mujeres,3247
2004,98,Total,6395
2004,99,Hombres,3166
2004,99,Mujeres,3270
2004,99,Total,6436
2004,100,Hombres,3180
2004,100,Mujeres,3158
2004,100,Total,6338
2005,0,Hombres,1427368
2005,0,Mujeres,1437618
2005,0,Total,2864986
2005,1,Hombres,1458587
2005,1,Mujeres,1399597
2005,1,Total,2858184
2005,2,Hombres,1444610
2005,2,Mujeres,1437631
2005,2,Total,2882241
2005,3,Hombres,1346267
2005,3,Mujeres,1408399
2005,3,Total,2754666
2005,4,Hombres,1359905
2005,4,Mujeres,1447332
2005,4,Total,2807237
2005,5,Hombres,1331245
2005,5,Mujeres,1340706
2005,5,Total,2671951
2005,6,Hombres,1309729
2005,6,Mujeres,1451858
2005,6,Total,2761587
2005,7,Hombres,1378615
2005,7,Mujeres,1382041
2005,7,Total,2760656
2005,8,Hombres,1312181
2005,8,Mujeres,1369097
2005,8,Total,2681278
2005,9,Hombres,1334811
2005,9,Mujeres,1322326
2005,9,Total,2657137
2005,10,Hombres,1300567
2005,10,Mujeres,1295897
2005,10,Total,2596464
2005,11,Hombres,1326385
2005,11,Mujeres,1390671
2005,11,Total,2717056
2005,12,Hombres,1291688
2005,12,Mujeres,1428601
2005,12,Total,2720289
2005,13,Hombres,1262489
2005,13,Mujeres,1304254
2005,13,Total,2566743
2005,14,Hombres,1319513
2005,14,Mujeres,1407038
2005,14,Total,2726551
2005,15,Hombres,1245767
2005,15,Mujeres,1217271
2005,15,Total,2463038
2005,16,Hombres,1224235
2005,16,Mujeres,1232836
2005,16,Total,2457071
2005,17,Hombres,1179718
2005,17,Mujeres,1266982
2005,17,Total,2446700
2005,18,Hombres,1209067
2005,18,Mujeres,1175892
2005,18,Total,2384959
2005,19,Hombres,1238389
2005,19,Mujeres,1285364
2005,19,Total,2523753
2005,20,Hombres,1163605
2005,20,Mujeres,1248918
2005,20,Total,2412523
2005,21,Hombres,1203435
2005,21,Mujeres,1243914
2005,21,Total,2447349
2005,22,Hombres,1166282
2005,22,Mujeres,1209393
2005,22,Total,2375675
2005,23,Hombres,1184951
2005,23,Mujeres,1277686
2005,23,Total,2462637
2005,24,Hombres,1205199
2005,24,Mujeres,1220539
2005,24,Total,2425738
2005,25,Hombres,1021738
2005,25,Mujeres,950557
2005,25,Total,1972295
2005,26,Hombres,1033034
2005,26,Mujeres,985132
2005,26,Total,2018166
2005,27,Hombres,987760
2005,27,Mujeres,1004466
2005,27,Total,1992226
2005,28,Hombres,959832
2005,28,Mujeres,1075575
2005,28,Total,2035407
2005,29,Hombres,984607
2005,29,Mujeres,1050183
2005,29,Total,2034790
2005,30,Hombres,997213
2005,30,Mujeres,1054253
2005,30,Total,2051466
2005,31,Hombres,1000920
2005,31,Mujeres,999373
2005,31,Total,2000293
2005,32,Hombres,1028465
2005,32,Mujeres,1023983
2005,32,Total,2052448
2005,33,Hombres,951986
2005,33,Mujeres,1026029
2005,33,Total,1978015
2005,34,Hombres,1043579
2005,34,Mujeres,1065890
2005,34,Total,2109469
2005,35,Hombres,802891
2005,35,Mujeres,835647
2005,35,Total,1638538
2005,36,Hombres,803548
2005,36,Mujeres,897109
2005,36,Total,1700657
2005,37,Hombres,820674
2005,37,Mujeres,855390
2005,37,Total,1676064
2005,38,Hombres,836456
2005,38,Mujeres,850545
2005,38,Total,1687001
2005,39,Hombres,805072
2005,39,Mujeres,839520
2005,39,Total,1644592
2005,40,Hombres,809635
2005,40,Mujeres,843552
2005,40,Total,1653187
2005,41,Hombres,829089
2005,41,Mujeres,845811
2005,41,Total,1674900
2005,42,Hombres,829211
2005,42,Mujeres,842450
2005,42,Total,1671661
2005,43,Hombres,813292
2005,43,Mujeres,793871
2005,43,Total,1607163
2005,44,Hombres,833682
2005,44,Mujeres,853273
2005,44,Total,1686955
2005,45,Hombres,642823
2005,45,Mujeres,593168
2005,45,Total,1235991
2005,46,Hombres,663239
2005,46,Mujeres,646891
2005,46,Total,1310130
2005,47,Hombres,644886
2005,47,Mujeres,629345
2005,47,Total,1274231
2005,48,Hombres,635610
2005,48,Mujeres,629082
2005,48,Total,1264692
2005,49,Hombres,612457
2005,49,Mujeres,686913
2005,49,Total,1299370
2005,50,Hombres,620566
2005,50,Mujeres,653849
2005,50,Total,1274415
2005,51,Hombres,640428
2005,51,Mujeres,659271
2005,51,Total,1299699
2005,52,Hombres,626953
2005,52,Mujeres,656724
2005,52,Total,1283677
2005,53,Hombres,669138
2005,53,Mujeres,648489
2005,53,Total,1317627
2005,54,Hombres,627902
2005,54,Mujeres,670087
2005,54,Total,1297989
2005,55,Hombres,451385
2005,55,Mujeres,470921
2005,55,Total,922306
2005,56,Hombres,445267
2005,56,Mujeres,439135
2005,56,Total,884402
2005,57,Hombres,458305
2005,57,Mujeres,439090
2005,57,Total,897395
2005,58,Hombres,440862
2005,58,Mujeres,444438
2005,58,Total,885300
2005,59,Hombres,436055
2005,59,Mujeres,459213
2005,59,Total,895268
2005,60,Hombres,441107
2005,60,Mujeres,460484
2005,60,Total,901591
2005,61,Hombres,458046
2005,61,Mujeres,460915
2005,61,Total,918961
2005,62,Hombres,433695
2005,62,Mujeres,467880
2005,62,Total,901575
2005,63,Hombres,452486
2005,63,Mujeres,437981
2005,63,Total,890467
2005,64,Hombres,444725
2005,64,Mujeres,464293
2005,64,Total,909018
2005,65,Hombres,247426
2005,65,Mujeres,270568
2005,65,Total,517994
2005,66,Hombres,248530
2005,66,Mujeres,260823
2005,66,Total,509353
2005,67,Hombres,248358
2005,67,Mujeres,259966
2005,67,Total,508324
2005,68,Hombres,241444
2005,68,Mujeres,248619
2005,68,Total,490063
2005,69,Hombres,261597
2005,69,Mujeres,253242
2005,69,Total,514839
2005,70,Hombres,242229
2005,70,Mujeres,243058
2005,70,Total,485287
2005,71,Hombres,244869
2005,71,Mujeres,249530
2005,71,Total,494399
2005,72,Hombres,261952
2005,72,Mujeres,267716
2005,72,Total,529668
2005,73,Hombres,244500
2005,73,Mujeres,277403
2005,73,Total,521903
2005,74,Hombres,257007
2005,74,Mujeres,257312
2005,74,Total,514319
2005,75,Hombres,86600
2005,75,Mujeres,104138
2005,75,Total,190738
2005,76,Hombres,89717
2005,76,Mujeres,92631
2005,76,Total,182348
2005,77,Hombres,96492
2005,77,Mujeres,104573
2005,77,Total,201065
2005,78,Hombres,97508
2005,78,Mujeres,99090
2005,78,Total,196598
2005,79,Hombres,95290
2005,79,Mujeres,99936
2005,79,Total,195226
2005,80,Hombres,95752
2005,80,Mujeres,98263
2005,80,Total,194015
2005,81,Hombres,93913
2005,81,Mujeres,97258
2005,81,Total,191171
2005,82,Hombres,91502
2005,82,Mujeres,96621
2005,82,Total,188123
2005,83,Hombres,88865
2005,83,Mujeres,97154
2005,83,Total,186019
2005,84,Hombres,90843
2005,84,Mujeres,94215
2005,84,Total,185058
2005,85,Hombres,18825
2005,85,Mujeres,20302
2005,85,Total,39127
2005,86,Hombres,19239
2005,86,Mujeres,18570
2005,86,Total,37809
2005,87,Hombres,18168
2005,87,Mujeres,20038
2005,87,Total,38206
2005,88,Hombres,18172
2005,88,Mujeres,19357
2005,88,Total,37529
2005,89,Hombres,19033
2005,89,Mujeres,18922
2005,89,Total,37955
2005,90,Hombres,18783
2005,90,Mujeres,18708
2005,90,Total,37491
2005,91,Hombres,18386
2005,91,Mujeres,19675
2005,91,Total,38061
2005,92,Hombres,17829
2005,92,Mujeres,19745
2005,92,Total,37574
2005,93,Hombres,18713
2005,93,Mujeres,19811
2005,93,Total,38524
2005,94,Hombres,18849
2005,94,Mujeres,20285
2005,94,Total,39134
2005,95,Hombres,3132
2005,95,Mujeres,3206
2005,95,Total,6338
2005,96,Hombres,3132
2005,96,Mujeres,3300
2005,96,Total,6432
2005,97,Hombres,3125
2005,97,Mujeres,3252
2005,97,Total,6377
2005,98,Hombres,3054
2005,98,Mujeres,3183
2005,98,Total,6237
2005,99,Hombres,2989
2005,99,Mujeres,3418
2005,99,Total,6407
2005,100,Hombres,3004
2005,100,Mujeres,3180
2005,100,Total,6184
2006,0,Hombres,1359629
2006,0,Mujeres,1485125
2006,0,Total,2844754
2006,1,Hombres,1377282
2006,1,Mujeres,1500434
2006,1,Total,2877716
2006,2,Hombres,1361502
2006,2,Mujeres,1458401
2006,2,Total,2819903
2006,3,Hombres,1354755
2006,3,Mujeres,1539371
2006,3,Total,2894126
2006,4,Hombres,1340070
2006,4,Mujeres,1459738
2006,4,Total,2799808
2006,5,Hombres,1351635
2006,5,Mujeres,1397693
2006,5,Total,2749328
2006,6,Hombres,1319042
2006,6,Mujeres,1375178
2006,6,Total,2694220
2006,7,Hombres,1328159
2006,7,Mujeres,1374466
2006,7,Total,2702625
2006,8,Hombres,1364770
2006,8,Mujeres,1472107
2006,8,Total,2836877
2006,9,Hombres,1304231
2006,9,Mujeres,1323822
2006,9,Total,2628053
2006,10,Hombres,1322902
2006,10,Mujeres,1487398
2006,10,Total,2810300
2006,11,Hombres,1294435
2006,11,Mujeres,1448441
2006,11,Total,2742876
2006,12,Hombres,1393175
2006,12,Mujeres,1357627
2006,12,Total,2750802
2006,13,Hombres,1349057
2006,13,Mujeres,1447997
2006,13,Total,2797054
2006,14,Hombres,1311329
2006,14,Mujeres,1372123
2006,14,Total,2683452
2006,15,Hombres,1179148
2006,15,Mujeres,1211048
2006,15,Total,2390196
2006,16,Hombres,1176714
2006,16,Mujeres,1203210
2006,16,Total,2379924
2006,17,Hombres,1201317
2006,17,Mujeres,1220221
2006,17,Total,2421538
2006,18,Hombres,1208507
2006,18,Mujeres,1190770
2006,18,Total,2399277
2006,19,Hombres,1212003
2006,19,Mujeres,1280307
2006,19,Total,2492310
2006,20,Hombres,1128310
2006,20,Mujeres,1263090
2006,20,Total,2391400
2006,21,Hombres,1244289
2006,21,Mujeres,1203745
2006,21,Total,2448034
2006,22,Hombres,1260307
2006,22,Mujeres,1264775
2006,22,Total,2525082
2006,23,Hombres,1174708
2006,23,Mujeres,1246984
2006,23,Total,2421692
2006,24,Hombres,1220191
2006,24,Mujeres,1251921
2006,24,Total,2472112
2006,25,Hombres,1026936
2006,25,Mujeres,1022799
2006,25,Total,2049735
2006,26,Hombres,1015737
2006,26,Mujeres,1007241
2006,26,Total,2022978
2006,27,Hombres,1007230
2006,27,Mujeres,1023328
2006,27,Total,2030558
2006,28,Hombres,988302
2006,28,Mujeres,1090857
2006,28,Total,2079159
2006,29,Hombres,1043688
2006,29,Mujeres,1071073
2006,29,Total,2114761
2006,30,Hombres,977485
2006,30,Mujeres,1041867
2006,30,Total,2019352
2006,31,Hombres,1047381
2006,31,Mujeres,1056323
2006,31,Total,2103704
2006,32,Hombres,1080920
2006,32,Mujeres,1064262
2006,32,Total,2145182
2006,33,Hombres,1016425
2006,33,Mujeres,1042097
2006,33,Total,2058522
2006,34,Hombres,1014651
2006,34,Mujeres,1047040
2006,34,Total,2061691
2006,35,Hombres,838557
2006,35,Mujeres,879158
2006,35,Total,1717715
2006,36,Hombres,801752
2006,36,Mujeres,820498
2006,36,Total,1622250
2006,37,Hombres,775882
2006,37,Mujeres,867653
2006,37,Total,1643535
2006,38,Hombres,793934
2006,38,Mujeres,799431
2006,38,Total,1593365
2006,39,Hombres,830686
2006,39,Mujeres,918547
2006,39,Total,1749233
2006,40,Hombres,820965
2006,40,Mujeres,876127
2006,40,Total,1697092
2006,41,Hombres,823130
2006,41,Mujeres,852094
2006,41,Total,1675224
2006,42,Hombres,843754
2006,42,Mujeres,847187
2006,42,Total,1690941
2006,43,Hombres,827701
2006,43,Mujeres,862877
2006,43,Total,1690578
2006,44,Hombres,804657
2006,44,Mujeres,880064
2006,44,Total,1684721
2006,45,Hombres,628311
2006,45,Mujeres,642502
2006,45,Total,1270813
2006,46,Hombres,641792
2006,46,Mujeres,639687
2006,46,Total,1281479
2006,47,Hombres,632160
2006,47,Mujeres,657227
2006,47,Total,1289387
2006,48,Hombres,652203
2006,48,Mujeres,666769
2006,48,Total,1318972
2006,49,Hombres,631152
2006,49,Mujeres,673535
2006,49,Total,1304687
2006,50,Hombres,657969
2006,50,Mujeres,668408
2006,50,Total,1326377
2006,51,Hombres,631822
2006,51,Mujeres,631534
2006,51,Total,1263356
2006,52,Hombres,611443
2006,52,Mujeres,651387
2006,52,Total,1262830
2006,53,Hombres,620077
2006,53,Mujeres,653719
2006,53,Total,1273796
2006,54,Hombres,632700
2006,54,Mujeres,667853
2006,54,Total,1300553
2006,55,Hombres,441203
2006,55,Mujeres,466901
2006,55,Total,908104
2006,56,Hombres,442993
2006,56,Mujeres,432912
2006,56,Total,875905
2006,57,Hombres,429679
2006,57,Mujeres,458195
2006,57,Total,887874
2006,58,Hombres,426093
2006,58,Mujeres,468467
2006,58,Total,894560
2006,59,Hombres,462442
2006,59,Mujeres,477010
2006,59,Total,939452
2006,60,Hombres,439307
2006,60,Mujeres,480765
2006,60,Total,920072
2006,61,Hombres,444110
2006,61,Mujeres,455531
2006,61,Total,899641
2006,62,Hombres,434002
2006,62,Mujeres,456009
2006,62,Total,890011
2006,63,Hombres,436989
2006,63,Mujeres,462537
2006,63,Total,899526
2006,64,Hombres,444268
2006,64,Mujeres,460227
2006,64,Total,904495
2006,65,Hombres,255962
2006,65,Mujeres,272355
2006,65,Total,528317
2006,66,Hombres,259847
2006,66,Mujeres,251248
2006,66,Total,511095
2006,67,Hombres,233293
2006,67,Mujeres,270333
2006,67,Total,503626
2006,68,Hombres,242290
2006,68,Mujeres,261189
2006,68,Total,503479
2006,69,Hombres,243781
2006,69,Mujeres,248747
2006,69,Total,492528
2006,70,Hombres,256754
2006,70,Mujeres,268951
2006,70,Total,525705
2006,71,Hombres,248280
2006,71,Mujeres,242522
2006,71,Total,490802
2006,72,Hombres,248510
2006,72,Mujeres,266053
2006,72,Total,514563
2006,73,Hombres,241441
2006,73,Mujeres,264409
2006,73,Total,505850
2006,74,Hombres,252534
2006,74,Mujeres,267532
2006,74,Total,520066
2006,75,Hombres,95083
2006,75,Mujeres,95732
2006,75,Total,190815
2006,76,Hombres,98145
2006,76,Mujeres,98142
2006,76,Total,196287
2006,77,Hombres,94666
2006,77,Mujeres,95850
2006,77,Total,190516
2006,78,Hombres,93484
2006,78,Mujeres,95993
2006,78,Total,189477
2006,79,Hombres,94252
2006,79,Mujeres,103674
2006,79,Total,197926
2006,80,Hombres,90844
2006,80,Mujeres,93837
2006,80,Total,184681
2006,81,Hombres,98925
2006,81,Mujeres,97991
2006,81,Total,196916
2006,82,Hombres,92842
2006,82,Mujeres,101687
2006,82,Total,194529
2006,83,Hombres,93022
2006,83,Mujeres,104013
2006,83,Total,197035
2006,84,Hombres,96670
2006,84,Mujeres,97167
2006,84,Total,193837
2006,85,Hombres,20175
2006,85,Mujeres,19363
2006,85,Total,39538
2006,86,Hombres,19370
2006,86,Mujeres,19899
2006,86,Total,39269
2006,87,Hombres,19688
2006,87,Mujeres,20646
2006,87,Total,40334
2006,88,Hombres,18966
2006,88,Mujeres,19276
2006,88,Total,38242
2006,89,Hombres,19210
2006,89,Mujeres,19321
2006,89,Total,38531
2006,90,Hombres,20093
2006,90,Mujeres,19803
2006,90,Total,39896
2006,91,Hombres,18741
2006,91,Mujeres,19831
2006,91,Total,38572
2006,92,Hombres,18183
2006,92,Mujeres,19147
2006,92,Total,37330
2006,93,Hombres,19631
2006,93,Mujeres,19333
2006,93,Total,38964
2006,94,Hombres,18353
2006,94,Mujeres,20039
2006,94,Total,38392
2006,95,Hombres,3270
2006,95,Mujeres,3357
2006,95,Total,6627
2006,96,Hombres,3252
2006,96,Mujeres,3212
2006,96,Total,6464
2006,97,Hombres,3023
2006,97,Mujeres,3435
2006,97,Total,6458
2006,98,Hombres,3127
2006,98,Mujeres,3262
2006,98,Total,6389
2006,99,Hombres,3283
2006,99,Mujeres,3341
2006,99,Total,6624
2006,100,Hombres,3201
2006,100,Mujeres,3500
2006,100,Total,6701
2007,0,Hombres,1379104
2007,0,Mujeres,1504392
2007,0,Total,2883496
2007,1,Hombres,1408658
2007,1,Mujeres,1475445
2007,1,Total,2884103
2007,2,Hombres,1470735
2007,2,Mujeres,1485950
2007,2,Total,2956685
2007,3,Hombres,1428962
2007,3,Mujeres,1510744
2007,3,Total,2939706
2007,4,Hombres,1390856
2007,4,Mujeres,1426802
2007,4,Total,2817658
2007,5,Hombres,1300258
2007,5,Mujeres,1314704
2007,5,Total,2614962
2007,6,Hombres,1425136
2007,6,Mujeres,1350882
2007,6,Total,2776018
2007,7,Hombres,1333422
2007,7,Mujeres,1385519
2007,7,Total,2718941
2007,8,Hombres,1354712
2007,8,Mujeres,1431312
2007,8,Total,2786024
2007,9,Hombres,1376984
2007,9,Mujeres,1372683
2007,9,Total,2749667
2007,10,Hombres,1335602
2007,10,Mujeres,1408965
2007,10,Total,2744567
2007,11,Hombres,1332318
2007,11,Mujeres,1464491
2007,11,Total,2796809
2007,12,Hombres,1362104
2007,12,Mujeres,1427923
2007,12,Total,2790027
2007,13,Hombres,1369027
2007,13,Mujeres,1446306
2007,13,Total,2815333
2007,14,Hombres,1349622
2007,14,Mujeres,1342766
2007,14,Total,2692388
2007,15,Hombres,1229054
2007,15,Mujeres,1239362
2007,15,Total,2468416
2007,16,Hombres,1195231
2007,16,Mujeres,1286298
2007,16,Total,2481529
2007,17,Hombres,1259608
2007,17,Mujeres,1264869
2007,17,Total,2524477
2007,18,Hombres,1225743
2007,18,Mujeres,1328613
2007,18,Total,2554356
2007,19,Hombres,1223263
2007,19,Mujeres,1362723
2007,19,Total,2585986
2007,20,Hombres,1235095
2007,20,Mujeres,1197291
2007,20,Total,2432386
2007,21,Hombres,1241939
2007,21,Mujeres,1278516
2007,21,Total,2520455
2007,22,Hombres,1261483
2007,22,Mujeres,1289590
2007,22,Total,2551073
2007,23,Hombres,1209446
2007,23,Mujeres,1217634
2007,23,Total,2427080
2007,24,Hombres,1206875
2007,24,Mujeres,1231809
2007,24,Total,2438684
2007,25,Hombres,1004918
2007,25,Mujeres,1083269
2007,25,Total,2088187
2007,26,Hombres,1073965
2007,26,Mujeres,1077077
2007,26,Total,2151042
2007,27,Hombres,986037
2007,27,Mujeres,1078671
2007,27,Total,2064708
2007,28,Hombres,1059444
2007,28,Mujeres,1045000
2007,28,Total,2104444
2007,29,Hombres,1018617
2007,29,Mujeres,1064942
2007,29,Total,2083559
2007,30,Hombres,998647
2007,30,Mujeres,1085176
2007,30,Total,2083823
2007,31,Hombres,1019018
2007,31,Mujeres,1077871
2007,31,Total,2096889
2007,32,Hombres,995499
2007,32,Mujeres,1050503
2007,32,Total,2046002
2007,33,Hombres,1044893
2007,33,Mujeres,1052567
2007,33,Total,2097460
2007,34,Hombres,1075716
2007,34,Mujeres,1051711
2007,34,Total,2127427
2007,35,Hombres,836569
2007,35,Mujeres,889082
2007,35,Total,1725651
2007,36,Hombres,795609
2007,36,Mujeres,819198
2007,36,Total,1614807
2007,37,Hombres,792934
2007,37,Mujeres,897644
2007,37,Total,1690578
2007,38,Hombres,817210
2007,38,Mujeres,931261
2007,38,Total,1748471
2007,39,Hombres,816901
2007,39,Mujeres,869673
2007,39,Total,1686574
2007,40,Hombres,869411
2007,40,Mujeres,916936
2007,40,Total,1786347
2007,41,Hombres,882359
2007,41,Mujeres,896237
2007,41,Total,1778596
2007,42,Hombres,856496
2007,42,Mujeres,880259
2007,42,Total,1736755
2007,43,Hombres,850371
2007,43,Mujeres,850583
2007,43,Total,1700954
2007,44,Hombres,810571
2007,44,Mujeres,864797
2007,44,Total,1675368
2007,45,Hombres,635942
2007,45,Mujeres,656250
2007,45,Total,1292192
2007,46,Hombres,652560
2007,46,Mujeres,684362
2007,46,Total,1336922
2007,47,Hombres,640901
2007,47,Mujeres,694786
2007,47,Total,1335687
2007,48,Hombres,617312
2007,48,Mujeres,661430
2007,48,Total,1278742
2007,49,Hombres,625460
2007,49,Mujeres,628042
2007,49,Total,1253502
2007,50,Hombres,637620
2007,50,Mujeres,662866
2007,50,Total,1300486
2007,51,Hombres,668228
2007,51,Mujeres,677886
2007,51,Total,1346114
2007,52,Hombres,619566
2007,52,Mujeres,702301
2007,52,Total,1321867
2007,53,Hombres,662620
2007,53,Mujeres,676914
2007,53,Total,1339534
2007,54,Hombres,634863
2007,54,Mujeres,646146
2007,54,Total,1281009
2007,55,Hombres,442448
2007,55,Mujeres,480918
2007,55,Total,923366
2007,56,Hombres,472741
2007,56,Mujeres,487268
2007,56,Total,960009
2007,57,Hombres,440882
2007,57,Mujeres,450064
2007,57,Total,890946
2007,58,Hombres,449335
2007,58,Mujeres,441000
2007,58,Total,890335
2007,59,Hombres,451782
2007,59,Mujeres,463645
2007,59,Total,915427
2007,60,Hombres,441188
2007,60,Mujeres,443427
2007,60,Total,884615
2007,61,Hombres,454338
2007,61,Mujeres,458264
2007,61,Total,912602
2007,62,Hombres,431740
2007,62,Mujeres,425578
2007,62,Total,857318
2007,63,Hombres,447074
2007,63,Mujeres,490467
2007,63,Total,937541
2007,64,Hombres,469743
2007,64,Mujeres,459321
2007,64,Total,929064
2007,65,Hombres,251063
2007,65,Mujeres,269860
2007,65,Total,520923
2007,66,Hombres,248024
2007,66,Mujeres,268527
2007,66,Total,516551
2007,67,Hombres,261558
2007,67,Mujeres,275913
2007,67,Total,537471
2007,68,Hombres,254914
2007,68,Mujeres,264492
2007,68,Total,519406
2007,69,Hombres,248947
2007,69,Mujeres,259517
2007,69,Total,508464
2007,70,Hombres,253945
2007,70,Mujeres,269051
2007,70,Total,522996
2007,71,Hombres,262690
2007,71,Mujeres,259706
2007,71,Total,522396
2007,72,Hombres,267132
2007,72,Mujeres,263953
2007,72,Total,531085
2007,73,Hombres,255518
2007,73,Mujeres,260153
2007,73,Total,515671
2007,74,Hombres,237087
2007,74,Mujeres,273176
2007,74,Total,510263
2007,75,Hombres,98000
2007,75,Mujeres,98952
2007,75,Total,196952
2007,76,Hombres,96073
2007,76,Mujeres,101339
2007,76,Total,197412
2007,77,Hombres,91386
2007,77,Mujeres,98210
2007,77,Total,189596
2007,78,Hombres,98165
2007,78,Mujeres,96039
2007,78,Total,194204
2007,79,Hombres,96725
2007,79,Mujeres,95733
2007,79,Total,192458
2007,80,Hombres,97222
2007,80,Mujeres,99687
2007,80,Total,196909
2007,81,Hombres,91235
2007,81,Mujeres,103281
2007,81,Total,194516
2007,82,Hombres,93767
2007,82,Mujeres,97368
2007,82,Total,191135
2007,83,Hombres,96457
2007,83,Mujeres,103233
2007,83,Total,199690
2007,84,Hombres,92958
2007,84,Mujeres,99979
2007,84,Total,192937
2007,85,Hombres,19422
2007,85,Mujeres,20373
2007,85,Total,39795
2007,86,Hombres,19277
2007,86,Mujeres,19739
2007,86,Total,39016
2007,87,Hombres,18700
2007,87,Mujeres,20010
2007,87,Total,38710
2007,88,Hombres,18559
2007,88,Mujeres,18209
2007,88,Total,36768
2007,89,Hombres,19427
2007,89,Mujeres,20500
2007,89,Total,39927
2007,90,Hombres,17816
2007,90,Mujeres,19354
2007,90,Total,37170
2007,91,Hombres,19532
2007,91,Mujeres,21190
2007,91,Total,40722
2007,92,Hombres,19188
2007,92,Mujeres,19522
2007,92,Total,38710
2007,93,Hombres,19070
2007,93,Mujeres,20782
2007,93,Total,39852
2007,94,Hombres,18804
2007,94,Mujeres,19480
2007,94,Total,38284
2007,95,Hombres,3149
2007,95,Mujeres,3231
2007,95,Total,6380
2007,96,Hombres,3207
2007,96,Mujeres,3488
2007,96,Total,6695
2007,97,Hombres,3227
2007,97,Mujeres,3301
2007,97,Total,6528
2007,98,Hombres,3168
2007,98,Mujeres,3170
2007,98,Total,6338
2007,99,Hombres,3280
2007,99,Mujeres,3318
2007,99,Total,6598
2007,100,Hombres,3178
2007,100,Mujeres,3645
2007,100,Total,6823
2008,0,Hombres,1435883
2008,0,Mujeres,1447808
2008,0,Total,2883691
2008,1,Hombres,1404925
2008,1,Mujeres,1532248
2008,1,Total,2937173
2008,2,Hombres,1427964
2008,2,Mujeres,1417303
2008,2,Total,2845267
2008,3,Hombres,1462373
2008,3,Mujeres,1451525
2008,3,Total,2913898
2008,4,Hombres,1503106
2008,4,Mujeres,1529208
2008,4,Total,3032314
2008,5,Hombres,1340211
2008,5,Mujeres,1468223
2008,5,Total,2808434
2008,6,Hombres,1361206
2008,6,Mujeres,1450059
2008,6,Total,2811265
2008,7,Hombres,1378195
2008,7,Mujeres,1377987
2008,7,Total,2756182
2008,8,Hombres,1332214
2008,8,Mujeres,1457574
2008,8,Total,2789788
2008,9,Hombres,1344797
2008,9,Mujeres,1396765
2008,9,Total,2741562
2008,10,Hombres,1319516
2008,10,Mujeres,1431855
2008,10,Total,2751371
2008,11,Hombres,1442495
2008,11,Mujeres,1368606
2008,11,Total,2811101
2008,12,Hombres,1359427
2008,12,Mujeres,1473789
2008,12,Total,2833216
2008,13,Hombres,1355195
2008,13,Mujeres,1433075
2008,13,Total,2788270
2008,14,Hombres,1315144
2008,14,Mujeres,1432054
2008,14,Total,2747198
2008,15,Hombres,1222165
2008,15,Mujeres,1317060
2008,15,Total,2539225
2008,16,Hombres,1272846
2008,16,Mujeres,1378610
2008,16,Total,2651456
2008,17,Hombres,1250437
2008,17,Mujeres,1291734
2008,17,Total,2542171
2008,18,Hombres,1236232
2008,18,Mujeres,1265677
2008,18,Total,2501909
2008,19,Hombres,1241546
2008,19,Mujeres,1267894
2008,19,Total,2509440
2008,20,Hombres,1235276
2008,20,Mujeres,1329796
2008,20,Total,2565072
2008,21,Hombres,1191952
2008,21,Mujeres,1322976
2008,21,Total,2514928
2008,22,Hombres,1277630
2008,22,Mujeres,1274700
2008,22,Total,2552330
2008,23,Hombres,1150828
2008,23,Mujeres,1255905
2008,23,Total,2406733
2008,24,Hombres,1276888
2008,24,Mujeres,1278353
2008,24,Total,2555241
2008,25,Hombres,1003974
2008,25,Mujeres,1060934
2008,25,Total,2064908
2008,26,Hombres,1061103
2008,26,Mujeres,1094916
2008,26,Total,2156019
2008,27,Hombres,1027583
2008,27,Mujeres,1065392
2008,27,Total,2092975
2008,28,Hombres,1022838
2008,28,Mujeres,1047437
2008,28,Total,2070275
2008,29,Hombres,1085160
2008,29,Mujeres,1066830
2008,29,Total,2151990
2008,30,Hombres,1072795
2008,30,Mujeres,1126412
2008,30,Total,2199207
2008,31,Hombres,1066000
2008,31,Mujeres,1063298
2008,31,Total,2129298
2008,32,Hombres,1047538
2008,32,Mujeres,1076465
2008,32,Total,2124003
2008,33,Hombres,1006942
2008,33,Mujeres,1087729
2008,33,Total,2094671
2008,34,Hombres,998393
2008,34,Mujeres,1115630
2008,34,Total,2114023
2008,35,Hombres,829218
2008,35,Mujeres,880545
2008,35,Total,1709763
2008,36,Hombres,848086
2008,36,Mujeres,868465
2008,36,Total,1716551
2008,37,Hombres,855740
2008,37,Mujeres,862793
2008,37,Total,1718533
2008,38,Hombres,862920
2008,38,Mujeres,839921
2008,38,Total,1702841
2008,39,Hombres,844127
2008,39,Mujeres,926175
2008,39,Total,1770302
2008,40,Hombres,815703
2008,40,Mujeres,857467
2008,40,Total,1673170
2008,41,Hombres,853904
2008,41,Mujeres,879979
2008,41,Total,1733883
2008,42,Hombres,849785
2008,42,Mujeres,888108
2008,42,Total,1737893
2008,43,Hombres,856952
2008,43,Mujeres,904402
2008,43,Total,1761354
2008,44,Hombres,851278
2008,44,Mujeres,868928
2008,44,Total,1720206
2008,45,Hombres,659928
2008,45,Mujeres,711654
2008,45,Total,1371582
2008,46,Hombres,644302
2008,46,Mujeres,653595
2008,46,Total,1297897
2008,47,Hombres,668360
2008,47,Mujeres,670848
2008,47,Total,1339208
2008,48,Hombres,604713
2008,48,Mujeres,690396
2008,48,Total,1295109
2008,49,Hombres,636487
2008,49,Mujeres,671451
2008,49,Total,1307938
2008,50,Hombres,653319
2008,50,Mujeres,677127
2008,50,Total,1330446
2008,51,Hombres,660644
2008,51,Mujeres,664483
2008,51,Total,1325127
2008,52,Hombres,656834
2008,52,Mujeres,668037
2008,52,Total,1324871
2008,53,Hombres,661214
2008,53,Mujeres,685709
2008,53,Total,1346923
2008,54,Hombres,628723
2008,54,Mujeres,695214
2008,54,Total,1323937
2008,55,Hombres,445532
2008,55,Mujeres,482720
2008,55,Total,928252
2008,56,Hombres,457802
2008,56,Mujeres,497285
2008,56,Total,955087
2008,57,Hombres,449777
2008,57,Mujeres,466356
2008,57,Total,916133
2008,58,Hombres,452549
2008,58,Mujeres,467009
2008,58,Total,919558
2008,59,Hombres,463680
2008,59,Mujeres,448442
2008,59,Total,912122
2008,60,Hombres,438499
2008,60,Mujeres,456198
2008,60,Total,894697
2008,61,Hombres,465722
2008,61,Mujeres,495481
2008,61,Total,961203
2008,62,Hombres,451394
2008,62,Mujeres,468908
2008,62,Total,920302
2008,63,Hombres,453765
2008,63,Mujeres,487723
2008,63,Total,941488
2008,64,Hombres,440216
2008,64,Mujeres,474666
2008,64,Total,914882
2008,65,Hombres,266320
2008,65,Mujeres,273360
2008,65,Total,539680
2008,66,Hombres,260222
2008,66,Mujeres,277399
2008,66,Total,537621
2008,67,Hombres,237766
2008,67,Mujeres,274788
2008,67,Total,512554
2008,68,Hombres,253673
2008,68,Mujeres,254521
2008,68,Total,508194
2008,69,Hombres,262718
2008,69,Mujeres,280410
2008,69,Total,543128
2008,70,Hombres,257683
2008,70,Mujeres,277010
2008,70,Total,534693
2008,71,Hombres,271265
2008,71,Mujeres,279935
2008,71,Total,551200
2008,72,Hombres,271480
2008,72,Mujeres,275307
2008,72,Total,546787
2008,73,Hombres,259336
2008,73,Mujeres,256369
2008,73,Total,515705
2008,74,Hombres,256840
2008,74,Mujeres,262498
2008,74,Total,519338
2008,75,Hombres,103350
2008,75,Mujeres,100459
2008,75,Total,203809
2008,76,Hombres,97390
2008,76,Mujeres,102662
2008,76,Total,200052
2008,77,Hombres,97158
2008,77,Mujeres,106127
2008,77,Total,203285
2008,78,Hombres,95218
2008,78,Mujeres,101581
2008,78,Total,196799
2008,79,Hombres,94870
2008,79,Mujeres,96992
2008,79,Total,191862
2008,80,Hombres,95250
2008,80,Mujeres,100879
2008,80,Total,196129
2008,81,Hombres,95781
2008,81,Mujeres,98894
2008,81,Total,194675
2008,82,Hombres,92937
2008,82,Mujeres,100740
2008,82,Total,193677
2008,83,Hombres,92651
2008,83,Mujeres,103294
2008,83,Total,195945
2008,84,Hombres,97271
2008,84,Mujeres,96575
2008,84,Total,193846
2008,85,Hombres,19226
2008,85,Mujeres,19742
2008,85,Total,38968
2008,86,Hombres,19592
2008,86,Mujeres,21010
2008,86,Total,40602
2008,87,Hombres,18314
2008,87,Mujeres,20268
2008,87,Total,38582
2008,88,Hombres,19313
2008,88,Mujeres,20605
2008,88,Total,39918
2008,89,Hombres,19530
2008,89,Mujeres,19742
2008,89,Total,39272
2008,90,Hombres,19220
2008,90,Mujeres,19716
2008,90,Total,38936
2008,91,Hombres,20032
2008,91,Mujeres,20211
2008,91,Total,40243
2008,92,Hombres,20513
2008,92,Mujeres,20161
2008,92,Total,40674
2008,93,Hombres,18993
2008,93,Mujeres,19281
2008,93,Total,38274
2008,94,Hombres,18356
2008,94,Mujeres,19238
2008,94,Total,37594
2008,95,Hombres,3260
2008,95,Mujeres,3417
2008,95,Total,6677
2008,96,Hombres,3080
2008,96,Mujeres,3456
2008,96,Total,6536
2008,97,Hombres,3187
2008,97,Mujeres,3381
2008,97,Total,6568
2008,98,Hombres,3390
2008,98,Mujeres,3456
2008,98,Total,6846
2008,99,Hombres,3208
2008,99,Mujeres,3276
2008,99,Total,6484
2008,100,Hombres,3025
2008,100,Mujeres,3293
2008,100,Total,6318
2009,0,Hombres,1431083
2009,0,Mujeres,1454596
2009,0,Total,2885679
2009,1,Hombres,1434534
2009,1,Mujeres,1502445
2009,1,Total,2936979
2009,2,Hombres,1430490
2009,2,Mujeres,1469759
2009,2,Total,2900249
2009,3,Hombres,1447492
2009,3,Mujeres,1518863
2009,3,Total,2966355
2009,4,Hombres,1393094
2009,4,Mujeres,1562439
2009,4,Total,2955533
2009,5,Hombres,1370676
2009,5,Mujeres,1431663
2009,5,Total,2802339
2009,6,Hombres,1403950
2009,6,Mujeres,1440864
2009,6,Total,2844814
2009,7,Hombres,1414051
2009,7,Mujeres,1443179
2009,7,Total,2857230
2009,8,Hombres,1349483
2009,8,Mujeres,1446371
2009,8,Total,2795854
2009,9,Hombres,1327572
2009,9,Mujeres,1435514
2009,9,Total,2763086
2009,10,Hombres,1373371
2009,10,Mujeres,1421920
2009,10,Total,2795291
2009,11,Hombres,1369440
2009,11,Mujeres,1350074
2009,11,Total,2719514
2009,12,Hombres,1352111
2009,12,Mujeres,1434839
2009,12,Total,2786950
2009,13,Hombres,1381334
2009,13,Mujeres,1386740
2009,13,Total,2768074
2009,14,Hombres,1426942
2009,14,Mujeres,1393672
2009,14,Total,2820614
2009,15,Hombres,1279989
2009,15,Mujeres,1311173
2009,15,Total,2591162
2009,16,Hombres,1219700
2009,16,Mujeres,1363530
2009,16,Total,2583230
2009,17,Hombres,1199274
2009,17,Mujeres,1330279
2009,17,Total,2529553
2009,18,Hombres,1281150
2009,18,Mujeres,1268537
2009,18,Total,2549687
2009,19,Hombres,1295773
2009,19,Mujeres,1284871
2009,19,Total,2580644
2009,20,Hombres,1254586
2009,20,Mujeres,1304692
2009,20,Total,2559278
2009,21,Hombres,1238802
2009,21,Mujeres,1326071
2009,21,Total,2564873
2009,22,Hombres,1273422
2009,22,Mujeres,1226673
2009,22,Total,2500095
2009,23,Hombres,1292484
2009,23,Mujeres,1230015
2009,23,Total,2522499
2009,24,Hombres,1282343
2009,24,Mujeres,1338340
2009,24,Total,2620683
2009,25,Hombres,1013141
2009,25,Mujeres,1076738
2009,25,Total,2089879
2009,26,Hombres,1012678
2009,26,Mujeres,1083145
2009,26,Total,2095823
2009,27,Hombres,1037743
2009,27,Mujeres,1115673
2009,27,Total,2153416
2009,28,Hombres,1088595
2009,28,Mujeres,1135820
2009,28,Total,2224415
2009,29,Hombres,1029757
2009,29,Mujeres,1083331
2009,29,Total,2113088
2009,30,Hombres,994524
2009,30,Mujeres,1063818
2009,30,Total,2058342
2009,31,Hombres,1077740
2009,31,Mujeres,1143012
2009,31,Total,2220752
2009,32,Hombres,1008636
2009,32,Mujeres,1070797
2009,32,Total,2079433
2009,33,Hombres,1046592
2009,33,Mujeres,1099337
2009,33,Total,2145929
2009,34,Hombres,1021982
2009,34,Mujeres,1104043
2009,34,Total,2126025
2009,35,Hombres,838933
2009,35,Mujeres,885382
2009,35,Total,1724315
2009,36,Hombres,864977
2009,36,Mujeres,885937
2009,36,Total,1750914
2009,37,Hombres,839889
2009,37,Mujeres,882854
2009,37,Total,1722743
2009,38,Hombres,848774
2009,38,Mujeres,875934
2009,38,Total,1724708
2009,39,Hombres,844423
2009,39,Mujeres,928247
2009,39,Total,1772670
2009,40,Hombres,865351
2009,40,Mujeres,877914
2009,40,Total,1743265
2009,41,Hombres,868824
2009,41,Mujeres,876896
2009,41,Total,1745720
2009,42,Hombres,880981
2009,42,Mujeres,895589
2009,42,Total,1776570
2009,43,Hombres,848291
2009,43,Mujeres,897663
2009,43,Total,1745954
2009,44,Hombres,810924
2009,44,Mujeres,855825
2009,44,Total,1666749
2009,45,Hombres,631191
2009,45,Mujeres,684280
2009,45,Total,1315471
2009,46,Hombres,688664
2009,46,Mujeres,726968
2009,46,Total,1415632
2009,47,Hombres,667169
2009,47,Mujeres,691596
2009,47,Total,1358765
2009,48,Hombres,619267
2009,48,Mujeres,670266
2009,48,Total,1289533
2009,49,Hombres,639167
2009,49,Mujeres,668668
2009,49,Total,1307835
2009,50,Hombres,651336
2009,50,Mujeres,671709
2009,50,Total,1323045
2009,51,Hombres,615767
2009,51,Mujeres,696646
2009,51,Total,1312413
2009,52,Hombres,633571
2009,52,Mujeres,686249
2009,52,Total,1319820
2009,53,Hombres,695372
2009,53,Mujeres,662566
2009,53,Total,1357938
2009,54,Hombres,604946
2009,54,Mujeres,675512
2009,54,Total,1280458
2009,55,Hombres,473382
2009,55,Mujeres,504972
2009,55,Total,978354
2009,56,Hombres,441344
2009,56,Mujeres,484058
2009,56,Total,925402
2009,57,Hombres,451850
2009,57,Mujeres,475435
2009,57,Total,927285
2009,58,Hombres,494600
2009,58,Mujeres,455446
2009,58,Total,950046
2009,59,Hombres,461735
2009,59,Mujeres,483643
2009,59,Total,945378
2009,60,Hombres,473174
2009,60,Mujeres,478353
2009,60,Total,951527
2009,61,Hombres,462482
2009,61,Mujeres,471347
2009,61,Total,933829
2009,62,Hombres,461947
2009,62,Mujeres,472040
2009,62,Total,933987
2009,63,Hombres,466792
2009,63,Mujeres,471662
2009,63,Total,938454
2009,64,Hombres,463431
2009,64,Mujeres,476532
2009,64,Total,939963
2009,65,Hombres,270701
2009,65,Mujeres,272123
2009,65,Total,542824
2009,66,Hombres,247927
2009,66,Mujeres,282861
2009,66,Total,530788
2009,67,Hombres,254740
2009,67,Mujeres,267198
2009,67,Total,521938
2009,68,Hombres,257176
2009,68,Mujeres,283781
2009,68,Total,540957
2009,69,Hombres,245078
2009,69,Mujeres,298198
2009,69,Total,543276
2009,70,Hombres,270151
2009,70,Mujeres,274368
2009,70,Total,544519
2009,71,Hombres,261424
2009,71,Mujeres,274878
2009,71,Total,536302
2009,72,Hombres,265949
2009,72,Mujeres,277819
2009,72,Total,543768
2009,73,Hombres,266220
2009,73,Mujeres,273276
2009,73,Total,539496
2009,74,Hombres,260305
2009,74,Mujeres,271306
2009,74,Total,531611
2009,75,Hombres,97621
2009,75,Mujeres,105680
2009,75,Total,203301
2009,76,Hombres,99944
2009,76,Mujeres,93188
2009,76,Total,193132
2009,77,Hombres,100128
2009,77,Mujeres,102800
2009,77,Total,202928
2009,78,Hombres,98140
2009,78,Mujeres,101012
2009,78,Total,199152
2009,79,Hombres,101507
2009,79,Mujeres,105109
2009,79,Total,206616
2009,80,Hombres,95919
2009,80,Mujeres,103451
2009,80,Total,199370
2009,81,Hombres,95333
2009,81,Mujeres,97973
2009,81,Total,193306
2009,82,Hombres,96349
2009,82,Mujeres,104848
2009,82,Total,201197
2009,83,Hombres,101003
2009,83,Mujeres,103777
2009,83,Total,204780
2009,84,Hombres,100331
2009,84,Mujeres,103786
2009,84,Total,204117
2009,85,Hombres,19261
2009,85,Mujeres,20705
2009,85,Total,39966
2009,86,Hombres,20110
2009,86,Mujeres,20903
2009,86,Total,41013
2009,87,Hombres,20339
2009,87,Mujeres,20875
2009,87,Total,41214
2009,88,Hombres,19846
2009,88,Mujeres,21097
2009,88,Total,40943
2009,89,Hombres,19623
2009,89,Mujeres,19899
2009,89,Total,39522
2009,90,Hombres,19543
2009,90,Mujeres,19983
2009,90,Total,39526
2009,91,Hombres,19241
2009,91,Mujeres,20352
2009,91,Total,39593
2009,92,Hombres,19172
2009,92,Mujeres,20251
2009,92,Total,39423
2009,93,Hombres,18523
2009,93,Mujeres,20571
2009,93,Total,39094
2009,94,Hombres,19639
2009,94,Mujeres,19939
2009,94,Total,39578
2009,95,Hombres,3337
2009,95,Mujeres,3502
2009,95,Total,6839
2009,96,Hombres,3115
2009,96,Mujeres,3328
2009,96,Total,6443
2009,97,Hombres,3197
2009,97,Mujeres,3310
2009,97,Total,6507
2009,98,Hombres,3354
2009,98,Mujeres,3386
2009,98,Total,6740
2009,99,Hombres,3247
2009,99,Mujeres,3201
2009,99,Total,6448
2009,100,Hombres,3335
2009,100,Mujeres,3280
2009,100,Total,6615
2010,0,Hombres,1460109
2010,0,Mujeres,1529601
2010,0,Total,2989710
2010,1,Hombres,1516982
2010,1,Mujeres,1457414
2010,1,Total,2974396
2010,2,Hombres,1325461
2010,2,Mujeres,1525344
2010,2,Total,2850805
2010,3,Hombres,1536215
2010,3,Mujeres,1573361
2010,3,Total,3109576
2010,4,Hombres,1466655
2010,4,Mujeres,1494603
2010,4,Total,2961258
2010,5,Hombres,1424926
2010,5,Mujeres,1405732
2010,5,Total,2830658
2010,6,Hombres,1411120
2010,6,Mujeres,1469982
2010,6,Total,2881102
2010,7,Hombres,1435489
2010,7,Mujeres,1567905
2010,7,Total,3003394
2010,8,Hombres,1407617
2010,8,Mujeres,1425914
2010,8,Total,2833531
2010,9,Hombres,1390171
2010,9,Mujeres,1371174
2010,9,Total,2761345
2010,10,Hombres,1362243
2010,10,Mujeres,1430244
2010,10,Total,2792487
2010,11,Hombres,1369365
2010,11,Mujeres,1454642
2010,11,Total,2824007
2010,12,Hombres,1356913
2010,12,Mujeres,1496722
2010,12,Total,2853635
2010,13,Hombres,1391247
2010,13,Mujeres,1447620
2010,13,Total,2838867
2010,14,Hombres,1377553
2010,14,Mujeres,1454765
2010,14,Total,2832318
2010,15,Hombres,1289897
2010,15,Mujeres,1276035
2010,15,Total,2565932
2010,16,Hombres,1233888
2010,16,Mujeres,1298179
2010,16,Total,2532067
2010,17,Hombres,1207917
2010,17,Mujeres,1277917
2010,17,Total,2485834
2010,18,Hombres,1240756
2010,18,Mujeres,1344483
2010,18,Total,2585239
2010,19,Hombres,1268654
2010,19,Mujeres,1317725
2010,19,Total,2586379
2010,20,Hombres,1290871
2010,20,Mujeres,1304718
2010,20,Total,2595589
2010,21,Hombres,1273484
2010,21,Mujeres,1306060
2010,21,Total,2579544
2010,22,Hombres,1268760
2010,22,Mujeres,1287212
2010,22,Total,2555972
2010,23,Hombres,1166644
2010,23,Mujeres,1304839
2010,23,Total,2471483
2010,24,Hombres,1312466
2010,24,Mujeres,1346520
2010,24,Total,2658986
2010,25,Hombres,1090691
2010,25,Mujeres,1144169
2010,25,Total,2234860
2010,26,Hombres,1062810
2010,26,Mujeres,1109787
2010,26,Total,2172597
2010,27,Hombres,1040350
2010,27,Mujeres,1092795
2010,27,Total,2133145
2010,28,Hombres,1079572
2010,28,Mujeres,1143102
2010,28,Total,2222674
2010,29,Hombres,1055557
2010,29,Mujeres,1088356
2010,29,Total,2143913
2010,30,Hombres,1060008
2010,30,Mujeres,1123155
2010,30,Total,2183163
2010,31,Hombres,1014077
2010,31,Mujeres,1027258
2010,31,Total,2041335
2010,32,Hombres,1042484
2010,32,Mujeres,1062853
2010,32,Total,2105337
2010,33,Hombres,1043832
2010,33,Mujeres,1098365
2010,33,Total,2142197
2010,34,Hombres,1045578
2010,34,Mujeres,1151329
2010,34,Total,2196907
2010,35,Hombres,869685
2010,35,Mujeres,904476
2010,35,Total,1774161
2010,36,Hombres,877319
2010,36,Mujeres,865770
2010,36,Total,1743089
2010,37,Hombres,888091
2010,37,Mujeres,894358
2010,37,Total,1782449
2010,38,Hombres,878566
2010,38,Mujeres,867571
2010,38,Total,1746137
2010,39,Hombres,821098
2010,39,Mujeres,918390
2010,39,Total,1739488
2010,40,Hombres,870968
2010,40,Mujeres,872138
2010,40,Total,1743106
2010,41,Hombres,838773
2010,41,Mujeres,926661
2010,41,Total,1765434
2010,42,Hombres,830512
2010,42,Mujeres,940570
2010,42,Total,1771082
2010,43,Hombres,837973
2010,43,Mujeres,913563
2010,43,Total,1751536
2010,44,Hombres,852752
2010,44,Mujeres,912616
2010,44,Total,1765368
2010,45,Hombres,651680
2010,45,Mujeres,686167
2010,45,Total,1337847
2010,46,Hombres,663308
2010,46,Mujeres,668804
2010,46,Total,1332112
2010,47,Hombres,677218
2010,47,Mujeres,678919
2010,47,Total,1356137
2010,48,Hombres,657951
2010,48,Mujeres,668966
2010,48,Total,1326917
2010,49,Hombres,611568
2010,49,Mujeres,685583
2010,49,Total,1297151
2010,50,Hombres,710445
2010,50,Mujeres,705765
2010,50,Total,1416210
2010,51,Hombres,662111
2010,51,Mujeres,684097
2010,51,Total,1346208
2010,52,Hombres,662941
2010,52,Mujeres,700853
2010,52,Total,1363794
2010,53,Hombres,639026
2010,53,Mujeres,712586
2010,53,Total,1351612
2010,54,Hombres,676712
2010,54,Mujeres,704391
2010,54,Total,1381103
2010,55,Hombres,469846
2010,55,Mujeres,482958
2010,55,Total,952804
2010,56,Hombres,473107
2010,56,Mujeres,491244
2010,56,Total,964351
2010,57,Hombres,458820
2010,57,Mujeres,474368
2010,57,Total,933188
2010,58,Hombres,465163
2010,58,Mujeres,505104
2010,58,Total,970267
2010,59,Hombres,446507
2010,59,Mujeres,461424
2010,59,Total,907931
2010,60,Hombres,466038
2010,60,Mujeres,483411
2010,60,Total,949449
2010,61,Hombres,466157
2010,61,Mujeres,486207
2010,61,Total,952364
2010,62,Hombres,460641
2010,62,Mujeres,504248
2010,62,Total,964889
2010,63,Hombres,441473
2010,63,Mujeres,470677
2010,63,Total,912150
2010,64,Hombres,462309
2010,64,Mujeres,458880
2010,64,Total,921189
2010,65,Hombres,263599
2010,65,Mujeres,289561
2010,65,Total,553160
2010,66,Hombres,265163
2010,66,Mujeres,277723
2010,66,Total,542886
2010,67,Hombres,254979
2010,67,Mujeres,270714
2010,67,Total,525693
2010,68,Hombres,262015
2010,68,Mujeres,273185
2010,68,Total,535200
2010,69,Hombres,275186
2010,69,Mujeres,280428
2010,69,Total,555614
2010,70,Hombres,256161
2010,70,Mujeres,277853
2010,70,Total,534014
2010,71,Hombres,268958
2010,71,Mujeres,285248
2010,71,Total,554206
2010,72,Hombres,277563
2010,72,Mujeres,267414
2010,72,Total,544977
2010,73,Hombres,258551
2010,73,Mujeres,265408
2010,73,Total,523959
2010,74,Hombres,263137
2010,74,Mujeres,279672
2010,74,Total,542809
2010,75,Hombres,102317
2010,75,Mujeres,103194
2010,75,Total,205511
2010,76,Hombres,98420
2010,76,Mujeres,103901
2010,76,Total,202321
2010,77,Hombres,96884
2010,77,Mujeres,109913
2010,77,Total,206797
2010,78,Hombres,94581
2010,78,Mujeres,104003
2010,78,Total,198584
2010,79,Hombres,105407
2010,79,Mujeres,103451
2010,79,Total,208858
2010,80,Hombres,98807
2010,80,Mujeres,102321
2010,80,Total,201128
2010,81,Hombres,98836
2010,81,Mujeres,107690
2010,81,Total,206526
2010,82,Hombres,92780
2010,82,Mujeres,108188
2010,82,Total,200968
2010,83,Hombres,95129
2010,83,Mujeres,102602
2010,83,Total,197731
2010,84,Hombres,98094
2010,84,Mujeres,105256
2010,84,Total,203350
2010,85,Hombres,18921
2010,85,Mujeres,20972
2010,85,Total,39893
2010,86,Hombres,21081
2010,86,Mujeres,19840
2010,86,Total,40921
2010,87,Hombres,19987
2010,87,Mujeres,20275
2010,87,Total,40262
2010,88,Hombres,20128
2010,88,Mujeres,20697
2010,88,Total,40825
2010,89,Hombres,19492
2010,89,Mujeres,20988
2010,89,Total,40480
2010,90,Hombres,20950
2010,90,Mujeres,20567
2010,90,Total,41517
2010,91,Hombres,20303
2010,91,Mujeres,19883
2010,91,Total,40186
2010,92,Hombres,19304
2010,92,Mujeres,20979
2010,92,Total,40283
2010,93,Hombres,20759
2010,93,Mujeres,20906
2010,93,Total,41665
2010,94,Hombres,19688
2010,94,Mujeres,20685
2010,94,Total,40373
2010,95,Hombres,3188
2010,95,Mujeres,3510
2010,95,Total,6698
2010,96,Hombres,3400
2010,96,Mujeres,3400
2010,96,Total,6800
2010,97,Hombres,3265
2010,97,Mujeres,3475
2010,97,Total,6740
2010,98,Hombres,3269
2010,98,Mujeres,3440
2010,98,Total,6709
2010,99,Hombres,3521
2010,99,Mujeres,3422
2010,99,Total,6943
2010,100,Hombres,3276
2010,100,Mujeres,3380
2010,100,Total,6656
