Anio,Edad,Sexo,Defunciones
2000,0,Hombres,20615
2000,0,Mujeres,17249
2000,0,Total,37864
2000,1,Hombres,9154
2000,1,Mujeres,8239
2000,1,Total,17393
2000,2,Hombres,4116
2000,2,Mujeres,3424
2000,2,Total,7540
2000,3,Hombres,1824
2000,3,Mujeres,1640
2000,3,Total,3464
2000,4,Hombres,786
2000,4,Mujeres,735
2000,4,Total,1521
2000,5,Hombres,800
2000,5,Mujeres,506
2000,5,Total,1306
2000,6,Hombres,902
2000,6,Mujeres,504
2000,6,Total,1406
2000,7,Hombres,956
2000,7,Mujeres,515
2000,7,Total,1471
2000,8,Hombres,1049
2000,8,Mujeres,601
2000,8,Total,1650
2000,9,Hombres,1168
2000,9,Mujeres,605
2000,9,Total,1773
2000,10,Hombres,1443
2000,10,Mujeres,616
2000,10,Total,2059
2000,11,Hombres,1505
2000,11,Mujeres,681
2000,11,Total,2186
2000,12,Hombres,1517
2000,12,Mujeres,726
2000,12,Total,2243
2000,13,Hombres,1658
2000,13,Mujeres,851
2000,13,Total,2509
2000,14,Hombres,1838
2000,14,Mujeres,909
2000,14,Total,2747
2000,15,Hombres,1742
2000,15,Mujeres,888
2000,15,Total,2630
2000,16,Hombres,1916
2000,16,Mujeres,876
2000,16,Total,2792
2000,17,Hombres,2194
2000,17,Mujeres,897
2000,17,Total,3091
2000,18,Hombres,2108
2000,18,Mujeres,939
2000,18,Total,3047
2000,19,Hombres,2246
2000,19,Mujeres,1052
2000,19,Total,3298
2000,20,Hombres,2514
2000,20,Mujeres,1039
2000,20,Total,3553
2000,21,Hombres,2485
2000,21,Mujeres,1127
2000,21,Total,3612
2000,22,Hombres,2298
2000,22,Mujeres,1105
2000,22,Total,3403
2000,23,Hombres,2449
2000,23,Mujeres,1167
2000,23,Total,3616
2000,24,Hombres,2542
2000,24,Mujeres,1065
2000,24,Total,3607
2000,25,Hombres,2067
2000,25,Mujeres,952
2000,25,Total,3019
2000,26,Hombres,1946
2000,26,Mujeres,942
2000,26,Total,2888
2000,27,Hombres,2075
2000,27,Mujeres,943
2000,27,Total,3018
2000,28,Hombres,1902
2000,28,Mujeres,951
2000,28,Total,2853
2000,29,Hombres,1801
2000,29,Mujeres,944
2000,29,Total,2745
2000,30,Hombres,1817
2000,30,Mujeres,897
2000,30,Total,2714
2000,31,Hombres,1655
2000,31,Mujeres,910
2000,31,Total,2565
2000,32,Hombres,1752
2000,32,Mujeres,961
2000,32,Total,2713
2000,33,Hombres,1608
2000,33,Mujeres,1011
2000,33,Total,2619
2000,34,Hombres,1693
2000,34,Mujeres,964
2000,34,Total,2657
2000,35,Hombres,1310
2000,35,Mujeres,805
2000,35,Total,2115
2000,36,Hombres,1262
2000,36,Mujeres,870
2000,36,Total,2132
2000,37,Hombres,1220
2000,37,Mujeres,910
2000,37,Total,2130
2000,38,Hombres,1365
2000,38,Mujeres,835
2000,38,Total,2200
2000,39,Hombres,1423
2000,39,Mujeres,849
2000,39,Total,2272
2000,40,Hombres,1414
2000,40,Mujeres,1009
2000,40,Total,2423
2000,41,Hombres,1656
2000,41,Mujeres,1138
2000,41,Total,2794
2000,42,Hombres,1581
2000,42,Mujeres,1104
2000,42,Total,2685
2000,43,Hombres,1765
2000,43,Mujeres,1252
2000,43,Total,3017
2000,44,Hombres,1768
2000,44,Mujeres,1387
2000,44,Total,3155
2000,45,Hombres,1506
2000,45,Mujeres,1128
2000,45,Total,2634
2000,46,Hombres,1597
2000,46,Mujeres,1171
2000,46,Total,2768
2000,47,Hombres,1743
2000,47,Mujeres,1188
2000,47,Total,2931
2000,48,Hombres,1859
2000,48,Mujeres,1342
2000,48,Total,3201
2000,49,Hombres,2038
2000,49,Mujeres,1510
2000,49,Total,3548
2000,50,Hombres,2114
2000,50,Mujeres,1667
2000,50,Total,3781
2000,51,Hombres,2346
2000,51,Mujeres,1749
2000,51,Total,4095
2000,52,Hombres,2506
2000,52,Mujeres,1928
2000,52,Total,4434
2000,53,Hombres,2993
2000,53,Mujeres,2146
2000,53,Total,5139
2000,54,Hombres,3049
2000,54,Mujeres,2278
2000,54,Total,5327
2000,55,Hombres,2113
2000,55,Mujeres,1732
2000,55,Total,3845
2000,56,Hombres,2574
2000,56,Mujeres,2077
2000,56,Total,4651
2000,57,Hombres,2762
2000,57,Mujeres,2109
2000,57,Total,4871
2000,58,Hombres,2999
2000,58,Mujeres,2173
2000,58,Total,5172
2000,59,Hombres,3428
2000,59,Mujeres,2577
2000,59,Total,6005
2000,60,Hombres,3691
2000,60,Mujeres,2635
2000,60,Total,6326
2000,61,Hombres,3933
2000,61,Mujeres,2930
2000,61,Total,6863
2000,62,Hombres,4313
2000,62,Mujeres,3449
2000,62,Total,7762
2000,63,Hombres,4575
2000,63,Mujeres,3516
2000,63,Total,8091
2000,64,Hombres,5196
2000,64,Mujeres,3926
2000,64,Total,9122
2000,65,Hombres,3080
2000,65,Mujeres,2411
2000,65,Total,5491
2000,66,Hombres,3452
2000,66,Mujeres,2766
2000,66,Total,6218
2000,67,Hombres,3695
2000,67,Mujeres,3124
2000,67,Total,6819
2000,68,Hombres,3974
2000,68,Mujeres,3260
2000,68,Total,7234
2000,69,Hombres,4627
2000,69,Mujeres,3376
2000,69,Total,8003
2000,70,Hombres,4949
2000,70,Mujeres,4165
2000,70,Total,9114
2000,71,Hombres,5193
2000,71,Mujeres,4451
2000,71,Total,9644
2000,72,Hombres,6037
2000,72,Mujeres,4744
2000,72,Total,10781
2000,73,Hombres,6277
2000,73,Mujeres,5100
2000,73,Total,11377
2000,74,Hombres,7348
2000,74,Mujeres,5743
2000,74,Total,13091
2000,75,Hombres,3011
2000,75,Mujeres,2411
2000,75,Total,5422
2000,76,Hombres,3264
2000,76,Mujeres,2688
2000,76,Total,5952
2000,77,Hombres,3593
2000,77,Mujeres,2721
2000,77,Total,6314
2000,78,Hombres,4124
2000,78,Mujeres,3194
2000,78,Total,7318
2000,79,Hombres,4095
2000,79,Mujeres,3457
2000,79,Total,7552
2000,80,Hombres,4614
2000,80,Mujeres,3874
2000,80,Total,8488
2000,81,Hombres,5371
2000,81,Mujeres,4013
2000,81,Total,9384
2000,82,Hombres,5840
2000,82,Mujeres,4571
2000,82,Total,10411
2000,83,Hombres,6472
2000,83,Mujeres,5395
2000,83,Total,11867
2000,84,Hombres,6651
2000,84,Mujeres,5340
2000,84,Total,11991
2000,85,Hombres,1406
2000,85,Mujeres,1164
2000,85,Total,2570
2000,86,Hombres,1643
2000,86,Mujeres,1298
2000,86,Total,2941
2000,87,Hombres,1787
2000,87,Mujeres,1468
2000,87,Total,3255
2000,88,Hombres,1998
2000,88,Mujeres,1691
2000,88,Total,3689
2000,89,Hombres,2131
2000,89,Mujeres,1932
2000,89,Total,4063
2000,90,Hombres,2413
2000,90,Mujeres,1894
2000,90,Total,4307
2000,91,Hombres,2629
2000,91,Mujeres,2245
2000,91,Total,4874
2000,92,Hombres,2797
2000,92,Mujeres,2457
2000,92,Total,5254
2000,93,Hombres,3259
2000,93,Mujeres,2537
2000,93,Total,5796
2000,94,Hombres,3437
2000,94,Mujeres,2812
2000,94,Total,6249
2000,95,Hombres,599
2000,95,Mujeres,516
2000,95,Total,1115
2000,96,Hombres,729
2000,96,Mujeres,561
2000,96,Total,1290
2000,97,Hombres,786
2000,97,Mujeres,650
2000,97,Total,1436
2000,98,Hombres,830
2000,98,Mujeres,665
2000,98,Total,1495
2000,99,Hombres,957
2000,99,Mujeres,773
2000,99,Total,1730
2000,100,Hombres,14827
2000,100,Mujeres,15549
2000,100,Total,30376
2001,0,Hombres,20786
2001,0,Mujeres,18086
2001,0,Total,38872
2001,1,Hombres,8780
2001,1,Mujeres,7594
2001,1,Total,16374
2001,2,Hombres,4218
2001,2,Mujeres,3542
2001,2,Total,7760
2001,3,Hombres,1885
2001,3,Mujeres,1714
2001,3,Total,3599
2001,4,Hombres,836
2001,4,Mujeres,726
2001,4,Total,1562
2001,5,Hombres,908
2001,5,Mujeres,498
2001,5,Total,1406
2001,6,Hombres,926
2001,6,Mujeres,552
2001,6,Total,1478
2001,7,Hombres,977
2001,7,Mujeres,508
2001,7,Total,1485
2001,8,Hombres,1145
2001,8,Mujeres,618
2001,8,Total,1763
2001,9,Hombres,1243
2001,9,Mujeres,603
2001,9,Total,1846
2001,10,Hombres,1330
2001,10,Mujeres,639
2001,10,Total,1969
2001,11,Hombres,1441
2001,11,Mujeres,730
2001,11,Total,2171
2001,12,Hombres,1561
2001,12,Mujeres,722
2001,12,Total,2283
2001,13,Hombres,1662
2001,13,Mujeres,813
2001,13,Total,2475
2001,14,Hombres,1846
2001,14,Mujeres,863
2001,14,Total,2709
2001,15,Hombres,1882
2001,15,Mujeres,874
2001,15,Total,2756
2001,16,Hombres,2087
2001,16,Mujeres,925
2001,16,Total,3012
2001,17,Hombres,2009
2001,17,Mujeres,971
2001,17,Total,2980
2001,18,Hombres,2192
2001,18,Mujeres,1047
2001,18,Total,3239
2001,19,Hombres,2302
2001,19,Mujeres,996
2001,19,Total,3298
2001,20,Hombres,2496
2001,20,Mujeres,1133
2001,20,Total,3629
2001,21,Hombres,2350
2001,21,Mujeres,1095
2001,21,Total,3445
2001,22,Hombres,2512
2001,22,Mujeres,1098
2001,22,Total,3610
2001,23,Hombres,2715
2001,23,Mujeres,1236
2001,23,Total,3951
2001,24,Hombres,2382
2001,24,Mujeres,1133
2001,24,Total,3515
2001,25,Hombres,2239
2001,25,Mujeres,1021
2001,25,Total,3260
2001,26,Hombres,1947
2001,26,Mujeres,996
2001,26,Total,2943
2001,27,Hombres,2012
2001,27,Mujeres,960
2001,27,Total,2972
2001,28,Hombres,1934
2001,28,Mujeres,1028
2001,28,Total,2962
2001,29,Hombres,1903
2001,29,Mujeres,919
2001,29,Total,2822
2001,30,Hombres,1607
2001,30,Mujeres,935
2001,30,Total,2542
2001,31,Hombres,1714
2001,31,Mujeres,899
2001,31,Total,2613
2001,32,Hombres,1774
2001,32,Mujeres,840
2001,32,Total,2614
2001,33,Hombres,1625
2001,33,Mujeres,927
2001,33,Total,2552
2001,34,Hombres,1667
2001,34,Mujeres,962
2001,34,Total,2629
2001,35,Hombres,1301
2001,35,Mujeres,820
2001,35,Total,2121
2001,36,Hombres,1254
2001,36,Mujeres,825
2001,36,Total,2079
2001,37,Hombres,1354
2001,37,Mujeres,848
2001,37,Total,2202
2001,38,Hombres,1370
2001,38,Mujeres,912
2001,38,Total,2282
2001,39,Hombres,1382
2001,39,Mujeres,941
2001,39,Total,2323
2001,40,Hombres,1475
2001,40,Mujeres,934
2001,40,Total,2409
2001,41,Hombres,1736
2001,41,Mujeres,1039
2001,41,Total,2775
2001,42,Hombres,1545
2001,42,Mujeres,1110
2001,42,Total,2655
2001,43,Hombres,1742
2001,43,Mujeres,1214
2001,43,Total,2956
2001,44,Hombres,1835
2001,44,Mujeres,1282
2001,44,Total,3117
2001,45,Hombres,1471
2001,45,Mujeres,1126
2001,45,Total,2597
2001,46,Hombres,1636
2001,46,Mujeres,1076
2001,46,Total,2712
2001,47,Hombres,1778
2001,47,Mujeres,1255
2001,47,Total,3033
2001,48,Hombres,1933
2001,48,Mujeres,1520
2001,48,Total,3453
2001,49,Hombres,1998
2001,49,Mujeres,1463
2001,49,Total,3461
2001,50,Hombres,2294
2001,50,Mujeres,1681
2001,50,Total,3975
2001,51,Hombres,2406
2001,51,Mujeres,1808
2001,51,Total,4214
2001,52,Hombres,2798
2001,52,Mujeres,1852
2001,52,Total,4650
2001,53,Hombres,2888
2001,53,Mujeres,2055
2001,53,Total,4943
2001,54,Hombres,3074
2001,54,Mujeres,2334
2001,54,Total,5408
2001,55,Hombres,2371
2001,55,Mujeres,1790
2001,55,Total,4161
2001,56,Hombres,2692
2001,56,Mujeres,1965
2001,56,Total,4657
2001,57,Hombres,2761
2001,57,Mujeres,2085
2001,57,Total,4846
2001,58,Hombres,3012
2001,58,Mujeres,2231
2001,58,Total,5243
2001,59,Hombres,3295
2001,59,Mujeres,2546
2001,59,Total,5841
2001,60,Hombres,3656
2001,60,Mujeres,2952
2001,60,Total,6608
2001,61,Hombres,3730
2001,61,Mujeres,2878
2001,61,Total,6608
2001,62,Hombres,4516
2001,62,Mujeres,3507
2001,62,Total,8023
2001,63,Hombres,4678
2001,63,Mujeres,3579
2001,63,Total,8257
2001,64,Hombres,5272
2001,64,Mujeres,3892
2001,64,Total,9164
2001,65,Hombres,3171
2001,65,Mujeres,2467
2001,65,Total,5638
2001,66,Hombres,3461
2001,66,Mujeres,2721
2001,66,Total,6182
2001,67,Hombres,3774
2001,67,Mujeres,3020
2001,67,Total,6794
2001,68,Hombres,4201
2001,68,Mujeres,3240
2001,68,Total,7441
2001,69,Hombres,4441
2001,69,Mujeres,3655
2001,69,Total,8096
2001,70,Hombres,5031
2001,70,Mujeres,3881
2001,70,Total,8912
2001,71,Hombres,5390
2001,71,Mujeres,4429
2001,71,Total,9819
2001,72,Hombres,5875
2001,72,Mujeres,4566
2001,72,Total,10441
2001,73,Hombres,6516
2001,73,Mujeres,5117
2001,73,Total,11633
2001,74,Hombres,7340
2001,74,Mujeres,6025
2001,74,Total,13365
2001,75,Hombres,3223
2001,75,Mujeres,2313
2001,75,Total,5536
2001,76,Hombres,3372
2001,76,Mujeres,2585
2001,76,Total,5957
2001,77,Hombres,3623
2001,77,Mujeres,2941
2001,77,Total,6564
2001,78,Hombres,4019
2001,78,Mujeres,3100
2001,78,Total,7119
2001,79,Hombres,4405
2001,79,Mujeres,3703
2001,79,Total,8108
2001,80,Hombres,4821
2001,80,Mujeres,3821
2001,80,Total,8642
2001,81,Hombres,5236
2001,81,Mujeres,4129
2001,81,Total,9365
2001,82,Hombres,5709
2001,82,Mujeres,4606
2001,82,Total,10315
2001,83,Hombres,6405
2001,83,Mujeres,4917
2001,83,Total,11322
2001,84,Hombres,6902
2001,84,Mujeres,5658
2001,84,Total,12560
2001,85,Hombres,1614
2001,85,Mujeres,1180
2001,85,Total,2794
2001,86,Hombres,1743
2001,86,Mujeres,1323
2001,86,Total,3066
2001,87,Hombres,1923
2001,87,Mujeres,1470
2001,87,Total,3393
2001,88,Hombres,2046
2001,88,Mujeres,1613
2001,88,Total,3659
2001,89,Hombres,2112
2001,89,Mujeres,1708
2001,89,Total,3820
2001,90,Hombres,2228
2001,90,Mujeres,1930
2001,90,Total,4158
2001,91,Hombres,2555
2001,91,Mujeres,2072
2001,91,Total,4627
2001,92,Hombres,2983
2001,92,Mujeres,2579
2001,92,Total,5562
2001,93,Hombres,3317
2001,93,Mujeres,2516
2001,93,Total,5833
2001,94,Hombres,3394
2001,94,Mujeres,2922
2001,94,Total,6316
2001,95,Hombres,629
2001,95,Mujeres,572
2001,95,Total,1201
2001,96,Hombres,707
2001,96,Mujeres,574
2001,96,Total,1281
2001,97,Hombres,744
2001,97,Mujeres,701
2001,97,Total,1445
2001,98,Hombres,864
2001,98,Mujeres,749
2001,98,Total,1613
2001,99,Hombres,887
2001,99,Mujeres,797
2001,99,Total,1684
2001,100,Hombres,15813
2001,100,Mujeres,16319
2001,100,Total,32132
2002,0,Hombres,20410
2002,0,Mujeres,18007
2002,0,Total,38417
2002,1,Hombres,8830
2002,1,Mujeres,7797
2002,1,Total,16627
2002,2,Hombres,4144
2002,2,Mujeres,3614
2002,2,Total,7758
2002,3,Hombres,1893
2002,3,Mujeres,1544
2002,3,Total,3437
2002,4,Hombres,838
2002,4,Mujeres,768
2002,4,Total,1606
2002,5,Hombres,896
2002,5,Mujeres,510
2002,5,Total,1406
2002,6,Hombres,957
2002,6,Mujeres,536
2002,6,Total,1493
2002,7,Hombres,1117
2002,7,Mujeres,550
2002,7,Total,1667
2002,8,Hombres,1151
2002,8,Mujeres,602
2002,8,Total,1753
2002,9,Hombres,1167
2002,9,Mujeres,624
2002,9,Total,1791
2002,10,Hombres,1343
2002,10,Mujeres,660
2002,10,Total,2003
2002,11,Hombres,1419
2002,11,Mujeres,757
2002,11,Total,2176
2002,12,Hombres,1615
2002,12,Mujeres,771
2002,12,Total,2386
2002,13,Hombres,1708
2002,13,Mujeres,805
2002,13,Total,2513
2002,14,Hombres,1860
2002,14,Mujeres,929
2002,14,Total,2789
2002,15,Hombres,1898
2002,15,Mujeres,882
2002,15,Total,2780
2002,16,Hombres,2106
2002,16,Mujeres,885
2002,16,Total,2991
2002,17,Hombres,1968
2002,17,Mujeres,928
2002,17,Total,2896
2002,18,Hombres,2303
2002,18,Mujeres,973
2002,18,Total,3276
2002,19,Hombres,2226
2002,19,Mujeres,1000
2002,19,Total,3226
2002,20,Hombres,2379
2002,20,Mujeres,1064
2002,20,Total,3443
2002,21,Hombres,2549
2002,21,Mujeres,1102
2002,21,Total,3651
2002,22,Hombres,2457
2002,22,Mujeres,1118
2002,22,Total,3575
2002,23,Hombres,2552
2002,23,Mujeres,1164
2002,23,Total,3716
2002,24,Hombres,2408
2002,24,Mujeres,1107
2002,24,Total,3515
2002,25,Hombres,2089
2002,25,Mujeres,904
2002,25,Total,2993
2002,26,Hombres,2062
2002,26,Mujeres,934
2002,26,Total,2996
2002,27,Hombres,2007
2002,27,Mujeres,922
2002,27,Total,2929
2002,28,Hombres,2049
2002,28,Mujeres,982
2002,28,Total,3031
2002,29,Hombres,1858
2002,29,Mujeres,967
2002,29,Total,2825
2002,30,Hombres,1831
2002,30,Mujeres,892
2002,30,Total,2723
2002,31,Hombres,1820
2002,31,Mujeres,983
2002,31,Total,2803
2002,32,Hombres,1633
2002,32,Mujeres,920
2002,32,Total,2553
2002,33,Hombres,1643
2002,33,Mujeres,882
2002,33,Total,2525
2002,34,Hombres,1567
2002,34,Mujeres,1051
2002,34,Total,2618
2002,35,Hombres,1415
2002,35,Mujeres,760
2002,35,Total,2175
2002,36,Hombres,1357
2002,36,Mujeres,874
2002,36,Total,2231
2002,37,Hombres,1464
2002,37,Mujeres,921
2002,37,Total,2385
2002,38,Hombres,1425
2002,38,Mujeres,904
2002,38,Total,2329
2002,39,Hombres,1341
2002,39,Mujeres,986
2002,39,Total,2327
2002,40,Hombres,1430
2002,40,Mujeres,962
2002,40,Total,2392
2002,41,Hombres,1487
2002,41,Mujeres,1084
2002,41,Total,2571
2002,42,Hombres,1666
2002,42,Mujeres,1225
2002,42,Total,2891
2002,43,Hombres,1740
2002,43,Mujeres,1231
2002,43,Total,2971
2002,44,Hombres,1856
2002,44,Mujeres,1210
2002,44,Total,3066
2002,45,Hombres,1607
2002,45,Mujeres,1142
2002,45,Total,2749
2002,46,Hombres,1552
2002,46,Mujeres,1182
2002,46,Total,2734
2002,47,Hombres,1787
2002,47,Mujeres,1212
2002,47,Total,2999
2002,48,Hombres,1898
2002,48,Mujeres,1528
2002,48,Total,3426
2002,49,Hombres,2047
2002,49,Mujeres,1537
2002,49,Total,3584
2002,50,Hombres,2220
2002,50,Mujeres,1673
2002,50,Total,3893
2002,51,Hombres,2325
2002,51,Mujeres,1722
2002,51,Total,4047
2002,52,Hombres,2676
2002,52,Mujeres,1974
2002,52,Total,4650
2002,53,Hombres,2889
2002,53,Mujeres,2081
2002,53,Total,4970
2002,54,Hombres,3172
2002,54,Mujeres,2230
2002,54,Total,5402
2002,55,Hombres,2293
2002,55,Mujeres,1827
2002,55,Total,4120
2002,56,Hombres,2677
2002,56,Mujeres,1917
2002,56,Total,4594
2002,57,Hombres,2820
2002,57,Mujeres,2186
2002,57,Total,5006
2002,58,Hombres,2893
2002,58,Mujeres,2381
2002,58,Total,5274
2002,59,Hombres,3110
2002,59,Mujeres,2563
2002,59,Total,5673
2002,60,Hombres,3557
2002,60,Mujeres,2566
2002,60,Total,6123
2002,61,Hombres,3791
2002,61,Mujeres,3032
2002,61,Total,6823
2002,62,Hombres,4478
2002,62,Mujeres,3329
2002,62,Total,7807
2002,63,Hombres,4790
2002,63,Mujeres,3459
2002,63,Total,8249
2002,64,Hombres,5160
2002,64,Mujeres,3829
2002,64,Total,8989
2002,65,Hombres,3183
2002,65,Mujeres,2474
2002,65,Total,5657
2002,66,Hombres,3383
2002,66,Mujeres,2752
2002,66,Total,6135
2002,67,Hombres,4033
2002,67,Mujeres,2923
2002,67,Total,6956
2002,68,Hombres,4410
2002,68,Mujeres,3166
2002,68,Total,7576
2002,69,Hombres,4740
2002,69,Mujeres,3846
2002,69,Total,8586
2002,70,Hombres,4712
2002,70,Mujeres,3927
2002,70,Total,8639
2002,71,Hombres,5637
2002,71,Mujeres,4346
2002,71,Total,9983
2002,72,Hombres,6167
2002,72,Mujeres,4678
2002,72,Total,10845
2002,73,Hombres,6705
2002,73,Mujeres,5154
2002,73,Total,11859
2002,74,Hombres,7562
2002,74,Mujeres,5836
2002,74,Total,13398
2002,75,Hombres,3037
2002,75,Mujeres,2353
2002,75,Total,5390
2002,76,Hombres,3260
2002,76,Mujeres,2622
2002,76,Total,5882
2002,77,Hombres,3728
2002,77,Mujeres,2821
2002,77,Total,6549
2002,78,Hombres,3942
2002,78,Mujeres,3316
2002,78,Total,7258
2002,79,Hombres,4452
2002,79,Mujeres,3438
2002,79,Total,7890
2002,80,Hombres,4912
2002,80,Mujeres,3713
2002,80,Total,8625
2002,81,Hombres,4905
2002,81,Mujeres,4105
2002,81,Total,9010
2002,82,Hombres,5490
2002,82,Mujeres,4553
2002,82,Total,10043
2002,83,Hombres,6301
2002,83,Mujeres,5290
2002,83,Total,11591
2002,84,Hombres,7012
2002,84,Mujeres,5508
2002,84,Total,12520
2002,85,Hombres,1585
2002,85,Mujeres,1090
2002,85,Total,2675
2002,86,Hombres,1670
2002,86,Mujeres,1398
2002,86,Total,3068
2002,87,Hombres,1762
2002,87,Mujeres,1648
2002,87,Total,3410
2002,88,Hombres,2051
2002,88,Mujeres,1578
2002,88,Total,3629
2002,89,Hombres,2248
2002,89,Mujeres,1847
2002,89,Total,4095
2002,90,Hombres,2436
2002,90,Mujeres,1960
2002,90,Total,4396
2002,91,Hombres,2674
2002,91,Mujeres,2099
2002,91,Total,4773
2002,92,Hombres,2990
2002,92,Mujeres,2305
2002,92,Total,5295
2002,93,Hombres,3314
2002,93,Mujeres,2582
2002,93,Total,5896
2002,94,Hombres,3682
2002,94,Mujeres,2972
2002,94,Total,6654
2002,95,Hombres,676
2002,95,Mujeres,531
2002,95,Total,1207
2002,96,Hombres,711
2002,96,Mujeres,521
2002,96,Total,1232
2002,97,Hombres,758
2002,97,Mujeres,671
2002,97,Total,1429
2002,98,Hombres,870
2002,98,Mujeres,650
2002,98,Total,1520
2002,99,Hombres,958
2002,99,Mujeres,857
2002,99,Total,1815
2002,100,Hombres,14184
2002,100,Mujeres,15235
2002,100,Total,29419
2003,0,Hombres,20283
2003,0,Mujeres,16996
2003,0,Total,37279
2003,1,Hombres,8577
2003,1,Mujeres,8199
2003,1,Total,16776
2003,2,Hombres,4321
2003,2,Mujeres,3534
2003,2,Total,7855
2003,3,Hombres,1863
2003,3,Mujeres,1531
2003,3,Total,3394
2003,4,Hombres,952
2003,4,Mujeres,763
2003,4,Total,1715
2003,5,Hombres,957
2003,5,Mujeres,511
2003,5,Total,1468
2003,6,Hombres,975
2003,6,Mujeres,497
2003,6,Total,1472
2003,7,Hombres,1051
2003,7,Mujeres,537
2003,7,Total,1588
2003,8,Hombres,1189
2003,8,Mujeres,588
2003,8,Total,1777
2003,9,Hombres,1260
2003,9,Mujeres,600
2003,9,Total,1860
2003,10,Hombres,1278
2003,10,Mujeres,658
2003,10,Total,1936
2003,11,Hombres,1452
2003,11,Mujeres,769
2003,11,Total,2221
2003,12,Hombres,1487
2003,12,Mujeres,818
2003,12,Total,2305
2003,13,Hombres,1804
2003,13,Mujeres,807
2003,13,Total,2611
2003,14,Hombres,1827
2003,14,Mujeres,840
2003,14,Total,2667
2003,15,Hombres,1974
2003,15,Mujeres,867
2003,15,Total,2841
2003,16,Hombres,1913
2003,16,Mujeres,892
2003,16,Total,2805
2003,17,Hombres,2072
2003,17,Mujeres,1034
2003,17,Total,3106
2003,18,Hombres,2265
2003,18,Mujeres,956
2003,18,Total,3221
2003,19,Hombres,2308
2003,19,Mujeres,1017
2003,19,Total,3325
2003,20,Hombres,2277
2003,20,Mujeres,1129
2003,20,Total,3406
2003,21,Hombres,2462
2003,21,Mujeres,1159
2003,21,Total,3621
2003,22,Hombres,2581
2003,22,Mujeres,1161
2003,22,Total,3742
2003,23,Hombres,2539
2003,23,Mujeres,1088
2003,23,Total,3627
2003,24,Hombres,2698
2003,24,Mujeres,1144
2003,24,Total,3842
2003,25,Hombres,2135
2003,25,Mujeres,975
2003,25,Total,3110
2003,26,Hombres,1989
2003,26,Mujeres,908
2003,26,Total,2897
2003,27,Hombres,1962
2003,27,Mujeres,971
2003,27,Total,2933
2003,28,Hombres,1838
2003,28,Mujeres,934
2003,28,Total,2772
2003,29,Hombres,1833
2003,29,Mujeres,1003
2003,29,Total,2836
2003,30,Hombres,1799
2003,30,Mujeres,1006
2003,30,Total,2805
2003,31,Hombres,1633
2003,31,Mujeres,913
2003,31,Total,2546
2003,32,Hombres,1810
2003,32,Mujeres,898
2003,32,Total,2708
2003,33,Hombres,1673
2003,33,Mujeres,1068
2003,33,Total,2741
2003,34,Hombres,1488
2003,34,Mujeres,1003
2003,34,Total,2491
2003,35,Hombres,1265
2003,35,Mujeres,859
2003,35,Total,2124
2003,36,Hombres,1356
2003,36,Mujeres,852
2003,36,Total,2208
2003,37,Hombres,1344
2003,37,Mujeres,846
2003,37,Total,2190
2003,38,Hombres,1288
2003,38,Mujeres,942
2003,38,Total,2230
2003,39,Hombres,1342
2003,39,Mujeres,939
2003,39,Total,2281
2003,40,Hombres,1440
2003,40,Mujeres,1039
2003,40,Total,2479
2003,41,Hombres,1553
2003,41,Mujeres,1102
2003,41,Total,2655
2003,42,Hombres,1582
2003,42,Mujeres,1217
2003,42,Total,2799
2003,43,Hombres,1703
2003,43,Mujeres,1323
2003,43,Total,3026
2003,44,Hombres,1874
2003,44,Mujeres,1341
2003,44,Total,3215
2003,45,Hombres,1542
2003,45,Mujeres,1104
2003,45,Total,2646
2003,46,Hombres,1653
2003,46,Mujeres,1211
2003,46,Total,2864
2003,47,Hombres,1729
2003,47,Mujeres,1330
2003,47,Total,3059
2003,48,Hombres,1869
2003,48,Mujeres,1351
2003,48,Total,3220
2003,49,Hombres,1959
2003,49,Mujeres,1558
2003,49,Total,3517
2003,50,Hombres,2219
2003,50,Mujeres,1783
2003,50,Total,4002
2003,51,Hombres,2310
2003,51,Mujeres,1873
2003,51,Total,4183
2003,52,Hombres,2598
2003,52,Mujeres,1999
2003,52,Total,4597
2003,53,Hombres,2855
2003,53,Mujeres,2234
2003,53,Total,5089
2003,54,Hombres,3068
2003,54,Mujeres,2401
2003,54,Total,5469
2003,55,Hombres,2294
2003,55,Mujeres,1776
2003,55,Total,4070
2003,56,Hombres,2599
2003,56,Mujeres,1926
2003,56,Total,4525
2003,57,Hombres,2869
2003,57,Mujeres,2014
2003,57,Total,4883
2003,58,Hombres,2957
2003,58,Mujeres,2328
2003,58,Total,5285
2003,59,Hombres,3366
2003,59,Mujeres,2387
2003,59,Total,5753
2003,60,Hombres,3641
2003,60,Mujeres,2736
2003,60,Total,6377
2003,61,Hombres,3999
2003,61,Mujeres,3031
2003,61,Total,7030
2003,62,Hombres,4415
2003,62,Mujeres,3341
2003,62,Total,7756
2003,63,Hombres,4757
2003,63,Mujeres,3591
2003,63,Total,8348
2003,64,Hombres,5440
2003,64,Mujeres,4072
2003,64,Total,9512
2003,65,Hombres,3348
2003,65,Mujeres,2543
2003,65,Total,5891
2003,66,Hombres,3693
2003,66,Mujeres,2822
2003,66,Total,6515
2003,67,Hombres,3655
2003,67,Mujeres,2866
2003,67,Total,6521
2003,68,Hombres,4272
2003,68,Mujeres,3324
2003,68,Total,7596
2003,69,Hombres,4777
2003,69,Mujeres,3549
2003,69,Total,8326
2003,70,Hombres,5025
2003,70,Mujeres,3947
2003,70,Total,8972
2003,71,Hombres,5373
2003,71,Mujeres,4225
2003,71,Total,9598
2003,72,Hombres,5880
2003,72,Mujeres,4789
2003,72,Total,10669
2003,73,Hombres,6624
2003,73,Mujeres,5504
2003,73,Total,12128
2003,74,Hombres,7294
2003,74,Mujeres,6248
2003,74,Total,13542
2003,75,Hombres,3116
2003,75,Mujeres,2434
2003,75,Total,5550
2003,76,Hombres,3264
2003,76,Mujeres,2771
2003,76,Total,6035
2003,77,Hombres,3638
2003,77,Mujeres,2938
2003,77,Total,6576
2003,78,Hombres,4210
2003,78,Mujeres,3136
2003,78,Total,7346
2003,79,Hombres,4543
2003,79,Mujeres,3448
2003,79,Total,7991
2003,80,Hombres,4743
2003,80,Mujeres,4225
2003,80,Total,8968
2003,81,Hombres,5304
2003,81,Mujeres,4521
2003,81,Total,9825
2003,82,Hombres,5938
2003,82,Mujeres,4578
2003,82,Total,10516
2003,83,Hombres,6418
2003,83,Mujeres,5291
2003,83,Total,11709
2003,84,Hombres,7145
2003,84,Mujeres,5289
2003,84,Total,12434
2003,85,Hombres,1514
2003,85,Mujeres,1226
2003,85,Total,2740
2003,86,Hombres,1602
2003,86,Mujeres,1358
2003,86,Total,2960
2003,87,Hombres,1840
2003,87,Mujeres,1512
2003,87,Total,3352
2003,88,Hombres,2076
2003,88,Mujeres,1625
2003,88,Total,3701
2003,89,Hombres,2286
2003,89,Mujeres,1806
2003,89,Total,4092
2003,90,Hombres,2558
2003,90,Mujeres,2001
2003,90,Total,4559
2003,91,Hombres,2670
2003,91,Mujeres,2145
2003,91,Total,4815
2003,92,Hombres,2910
2003,92,Mujeres,2359
2003,92,Total,5269
2003,93,Hombres,3222
2003,93,Mujeres,2604
2003,93,Total,5826
2003,94,Hombres,3341
2003,94,Mujeres,2854
2003,94,Total,6195
2003,95,Hombres,636
2003,95,Mujeres,558
2003,95,Total,1194
2003,96,Hombres,744
2003,96,Mujeres,577
2003,96,Total,1321
2003,97,Hombres,791
2003,97,Mujeres,665
2003,97,Total,1456
2003,98,Hombres,804
2003,98,Mujeres,690
2003,98,Total,1494
2003,99,Hombres,934
2003,99,Mujeres,787
2003,99,Total,1721
2003,100,Hombres,12822
2003,100,Mujeres,13128
2003,100,Total,25950
2004,0,Hombres,21185
2004,0,Mujeres,17261
2004,0,Total,38446
2004,1,Hombres,9283
2004,1,Mujeres,7789
2004,1,Total,17072
2004,2,Hombres,4352
2004,2,Mujeres,3628
2004,2,Total,7980
2004,3,Hombres,1913
2004,3,Mujeres,1542
2004,3,Total,3455
2004,4,Hombres,819
2004,4,Mujeres,735
2004,4,Total,1554
2004,5,Hombres,914
2004,5,Mujeres,527
2004,5,Total,1441
2004,6,Hombres,926
2004,6,Mujeres,560
2004,6,Total,1486
2004,7,Hombres,1131
2004,7,Mujeres,507
2004,7,Total,1638
2004,8,Hombres,1150
2004,8,Mujeres,613
2004,8,Total,1763
2004,9,Hombres,1304
2004,9,Mujeres,654
2004,9,Total,1958
2004,10,Hombres,1282
2004,10,Mujeres,655
2004,10,Total,1937
2004,11,Hombres,1410
2004,11,Mujeres,687
2004,11,Total,2097
2004,12,Hombres,1643
2004,12,Mujeres,739
2004,12,Total,2382
2004,13,Hombres,1748
2004,13,Mujeres,850
2004,13,Total,2598
2004,14,Hombres,1966
2004,14,Mujeres,858
2004,14,Total,2824
2004,15,Hombres,1958
2004,15,Mujeres,850
2004,15,Total,2808
2004,16,Hombres,2020
2004,16,Mujeres,921
2004,16,Total,2941
2004,17,Hombres,2017
2004,17,Mujeres,992
2004,17,Total,3009
2004,18,Hombres,2375
2004,18,Mujeres,1034
2004,18,Total,3409
2004,19,Hombres,2414
2004,19,Mujeres,1163
2004,19,Total,3577
2004,20,Hombres,2357
2004,20,Mujeres,1137
2004,20,Total,3494
2004,21,Hombres,2491
2004,21,Mujeres,1163
2004,21,Total,3654
2004,22,Hombres,2480
2004,22,Mujeres,1254
2004,22,Total,3734
2004,23,Hombres,2729
2004,23,Mujeres,1164
2004,23,Total,3893
2004,24,Hombres,2516
2004,24,Mujeres,1181
2004,24,Total,3697
2004,25,Hombres,2155
2004,25,Mujeres,1012
2004,25,Total,3167
2004,26,Hombres,2015
2004,26,Mujeres,906
2004,26,Total,2921
2004,27,Hombres,2124
2004,27,Mujeres,1042
2004,27,Total,3166
2004,28,Hombres,1937
2004,28,Mujeres,998
2004,28,Total,2935
2004,29,Hombres,1839
2004,29,Mujeres,978
2004,29,Total,2817
2004,30,Hombres,1800
2004,30,Mujeres,1040
2004,30,Total,2840
2004,31,Hombres,1766
2004,31,Mujeres,945
2004,31,Total,2711
2004,32,Hombres,1618
2004,32,Mujeres,975
2004,32,Total,2593
2004,33,Hombres,1722
2004,33,Mujeres,1035
2004,33,Total,2757
2004,34,Hombres,1620
2004,34,Mujeres,1004
2004,34,Total,2624
2004,35,Hombres,1302
2004,35,Mujeres,868
2004,35,Total,2170
2004,36,Hombres,1493
2004,36,Mujeres,856
2004,36,Total,2349
2004,37,Hombres,1299
2004,37,Mujeres,910
2004,37,Total,2209
2004,38,Hombres,1354
2004,38,Mujeres,980
2004,38,Total,2334
2004,39,Hombres,1461
2004,39,Mujeres,893
2004,39,Total,2354
2004,40,Hombres,1459
2004,40,Mujeres,1042
2004,40,Total,2501
2004,41,Hombres,1578
2004,41,Mujeres,1060
2004,41,Total,2638
2004,42,Hombres,1708
2004,42,Mujeres,1208
2004,42,Total,2916
2004,43,Hombres,1807
2004,43,Mujeres,1240
2004,43,Total,3047
2004,44,Hombres,1897
2004,44,Mujeres,1405
2004,44,Total,3302
2004,45,Hombres,1570
2004,45,Mujeres,1063
2004,45,Total,2633
2004,46,Hombres,1687
2004,46,Mujeres,1174
2004,46,Total,2861
2004,47,Hombres,1772
2004,47,Mujeres,1377
2004,47,Total,3149
2004,48,Hombres,1845
2004,48,Mujeres,1462
2004,48,Total,3307
2004,49,Hombres,1993
2004,49,Mujeres,1550
2004,49,Total,3543
2004,50,Hombres,2286
2004,50,Mujeres,1772
2004,50,Total,4058
2004,51,Hombres,2329
2004,51,Mujeres,1889
2004,51,Total,4218
2004,52,Hombres,2667
2004,52,Mujeres,2089
2004,52,Total,4756
2004,53,Hombres,2917
2004,53,Mujeres,2125
2004,53,Total,5042
2004,54,Hombres,3210
2004,54,Mujeres,2351
2004,54,Total,5561
2004,55,Hombres,2391
2004,55,Mujeres,1717
2004,55,Total,4108
2004,56,Hombres,2673
2004,56,Mujeres,1876
2004,56,Total,4549
2004,57,Hombres,2863
2004,57,Mujeres,2123
2004,57,Total,4986
2004,58,Hombres,3155
2004,58,Mujeres,2207
2004,58,Total,5362
2004,59,Hombres,3304
2004,59,Mujeres,2553
2004,59,Total,5857
2004,60,Hombres,3900
2004,60,Mujeres,2788
2004,60,Total,6688
2004,61,Hombres,3766
2004,61,Mujeres,3234
2004,61,Total,7000
2004,62,Hombres,4130
2004,62,Mujeres,3062
2004,62,Total,7192
2004,63,Hombres,4774
2004,63,Mujeres,3651
2004,63,Total,8425
2004,64,Hombres,5180
2004,64,Mujeres,4164
2004,64,Total,9344
2004,65,Hombres,3269
2004,65,Mujeres,2522
2004,65,Total,5791
2004,66,Hombres,3424
2004,66,Mujeres,2825
2004,66,Total,6249
2004,67,Hombres,3933
2004,67,Mujeres,2955
2004,67,Total,6888
2004,68,Hombres,4514
2004,68,Mujeres,3260
2004,68,Total,7774
2004,69,Hombres,4490
2004,69,Mujeres,3586
2004,69,Total,8076
2004,70,Hombres,5087
2004,70,Mujeres,4117
2004,70,Total,9204
2004,71,Hombres,5516
2004,71,Mujeres,4545
2004,71,Total,10061
2004,72,Hombres,5888
2004,72,Mujeres,5041
2004,72,Total,10929
2004,73,Hombres,6656
2004,73,Mujeres,5506
2004,73,Total,12162
2004,74,Hombres,7609
2004,74,Mujeres,6013
2004,74,Total,13622
2004,75,Hombres,3169
2004,75,Mujeres,2486
2004,75,Total,5655
2004,76,Hombres,3357
2004,76,Mujeres,2756
2004,76,Total,6113
2004,77,Hombres,3656
2004,77,Mujeres,3066
2004,77,Total,6722
2004,78,Hombres,3951
2004,78,Mujeres,3413
2004,78,Total,7364
2004,79,Hombres,4398
2004,79,Mujeres,3844
2004,79,Total,8242
2004,80,Hombres,4824
2004,80,Mujeres,3768
2004,80,Total,8592
2004,81,Hombres,5517
2004,81,Mujeres,4151
2004,81,Total,9668
2004,82,Hombres,5876
2004,82,Mujeres,4483
2004,82,Total,10359
2004,83,Hombres,6387
2004,83,Mujeres,4746
2004,83,Total,11133
2004,84,Hombres,6913
2004,84,Mujeres,5303
2004,84,Total,12216
2004,85,Hombres,1478
2004,85,Mujeres,1293
2004,85,Total,2771
2004,86,Hombres,1744
2004,86,Mujeres,1439
2004,86,Total,3183
2004,87,Hombres,1766
2004,87,Mujeres,1482
2004,87,Total,3248
2004,88,Hombres,2006
2004,88,Mujeres,1636
2004,88,Total,3642
2004,89,Hombres,2385
2004,89,Mujeres,1894
2004,89,Total,4279
2004,90,Hombres,2501
2004,90,Mujeres,1957
2004,90,Total,4458
2004,91,Hombres,2802
2004,91,Mujeres,2142
2004,91,Total,4944
2004,92,Hombres,2979
2004,92,Mujeres,2466
2004,92,Total,5445
2004,93,Hombres,3059
2004,93,Mujeres,2621
2004,93,Total,5680
2004,94,Hombres,3714
2004,94,Mujeres,3032
2004,94,Total,6746
2004,95,Hombres,614
2004,95,Mujeres,565
2004,95,Total,1179
2004,96,Hombres,783
2004,96,Mujeres,625
2004,96,Total,1408
2004,97,Hombres,795
2004,97,Mujeres,613
2004,97,Total,1408
2004,98,Hombres,855
2004,98,Mujeres,757
2004,98,Total,1612
2004,99,Hombres,996
2004,99,Mujeres,800
2004,99,Total,1796
2004,100,Hombres,12393
2004,100,Mujeres,12129
2004,100,Total,24522
2005,0,Hombres,21577
2005,0,Mujeres,18311
2005,0,Total,39888
2005,1,Hombres,9810
2005,1,Mujeres,7887
2005,1,Total,17697
2005,2,Hombres,4481
2005,2,Mujeres,3551
2005,2,Total,8032
2005,3,Hombres,1854
2005,3,Mujeres,1632
2005,3,Total,3486
2005,4,Hombres,838
2005,4,Mujeres,814
2005,4,Total,1652
2005,5,Hombres,864
2005,5,Mujeres,526
2005,5,Total,1390
2005,6,Hombres,959
2005,6,Mujeres,589
2005,6,Total,1548
2005,7,Hombres,1111
2005,7,Mujeres,555
2005,7,Total,1666
2005,8,Hombres,1143
2005,8,Mujeres,556
2005,8,Total,1699
2005,9,Hombres,1284
2005,9,Mujeres,627
2005,9,Total,1911
2005,10,Hombres,1371
2005,10,Mujeres,676
2005,10,Total,2047
2005,11,Hombres,1523
2005,11,Mujeres,751
2005,11,Total,2274
2005,12,Hombres,1575
2005,12,Mujeres,803
2005,12,Total,2378
2005,13,Hombres,1769
2005,13,Mujeres,847
2005,13,Total,2616
2005,14,Hombres,1946
2005,14,Mujeres,933
2005,14,Total,2879
2005,15,Hombres,1957
2005,15,Mujeres,894
2005,15,Total,2851
2005,16,Hombres,2138
2005,16,Mujeres,983
2005,16,Total,3121
2005,17,Hombres,2122
2005,17,Mujeres,991
2005,17,Total,3113
2005,18,Hombres,2351
2005,18,Mujeres,997
2005,18,Total,3348
2005,19,Hombres,2495
2005,19,Mujeres,1084
2005,19,Total,3579
2005,20,Hombres,2480
2005,20,Mujeres,1143
2005,20,Total,3623
2005,21,Hombres,2537
2005,21,Mujeres,1190
2005,21,Total,3727
2005,22,Hombres,2599
2005,22,Mujeres,1139
2005,22,Total,3738
2005,23,Hombres,2598
2005,23,Mujeres,1234
2005,23,Total,3832
2005,24,Hombres,2584
2005,24,Mujeres,1169
2005,24,Total,3753
2005,25,Hombres,2099
2005,25,Mujeres,937
2005,25,Total,3036
2005,26,Hombres,2107
2005,26,Mujeres,987
2005,26,Total,3094
2005,27,Hombres,2015
2005,27,Mujeres,946
2005,27,Total,2961
2005,28,Hombres,1884
2005,28,Mujeres,1003
2005,28,Total,2887
2005,29,Hombres,1957
2005,29,Mujeres,903
2005,29,Total,2860
2005,30,Hombres,1907
2005,30,Mujeres,989
2005,30,Total,2896
2005,31,Hombres,1745
2005,31,Mujeres,892
2005,31,Total,2637
2005,32,Hombres,1860
2005,32,Mujeres,920
2005,32,Total,2780
2005,33,Hombres,1567
2005,33,Mujeres,994
2005,33,Total,2561
2005,34,Hombres,1751
2005,34,Mujeres,981
2005,34,Total,2732
2005,35,Hombres,1332
2005,35,Mujeres,781
2005,35,Total,2113
2005,36,Hombres,1366
2005,36,Mujeres,929
2005,36,Total,2295
2005,37,Hombres,1389
2005,37,Mujeres,900
2005,37,Total,2289
2005,38,Hombres,1493
2005,38,Mujeres,925
2005,38,Total,2418
2005,39,Hombres,1373
2005,39,Mujeres,975
2005,39,Total,2348
2005,40,Hombres,1565
2005,40,Mujeres,991
2005,40,Total,2556
2005,41,Hombres,1582
2005,41,Mujeres,1106
2005,41,Total,2688
2005,42,Hombres,1685
2005,42,Mujeres,1130
2005,42,Total,2815
2005,43,Hombres,1806
2005,43,Mujeres,1256
2005,43,Total,3062
2005,44,Hombres,1934
2005,44,Mujeres,1328
2005,44,Total,3262
2005,45,Hombres,1529
2005,45,Mujeres,1029
2005,45,Total,2558
2005,46,Hombres,1810
2005,46,Mujeres,1220
2005,46,Total,3030
2005,47,Hombres,1848
2005,47,Mujeres,1247
2005,47,Total,3095
2005,48,Hombres,1918
2005,48,Mujeres,1406
2005,48,Total,3324
2005,49,Hombres,2091
2005,49,Mujeres,1569
2005,49,Total,3660
2005,50,Hombres,2325
2005,50,Mujeres,1712
2005,50,Total,4037
2005,51,Hombres,2588
2005,51,Mujeres,1795
2005,51,Total,4383
2005,52,Hombres,2605
2005,52,Mujeres,2004
2005,52,Total,4609
2005,53,Hombres,3131
2005,53,Mujeres,2249
2005,53,Total,5380
2005,54,Hombres,3207
2005,54,Mujeres,2429
2005,54,Total,5636
2005,55,Hombres,2427
2005,55,Mujeres,1927
2005,55,Total,4354
2005,56,Hombres,2613
2005,56,Mujeres,1980
2005,56,Total,4593
2005,57,Hombres,2972
2005,57,Mujeres,2159
2005,57,Total,5131
2005,58,Hombres,3172
2005,58,Mujeres,2304
2005,58,Total,5476
2005,59,Hombres,3353
2005,59,Mujeres,2595
2005,59,Total,5948
2005,60,Hombres,3762
2005,60,Mujeres,2872
2005,60,Total,6634
2005,61,Hombres,4199
2005,61,Mujeres,3135
2005,61,Total,7334
2005,62,Hombres,4391
2005,62,Mujeres,3371
2005,62,Total,7762
2005,63,Hombres,5035
2005,63,Mujeres,3530
2005,63,Total,8565
2005,64,Hombres,5292
2005,64,Mujeres,4062
2005,64,Total,9354
2005,65,Hombres,3170
2005,65,Mujeres,2596
2005,65,Total,5766
2005,66,Hombres,3555
2005,66,Mujeres,2923
2005,66,Total,6478
2005,67,Hombres,3902
2005,67,Mujeres,3093
2005,67,Total,6995
2005,68,Hombres,4215
2005,68,Mujeres,3243
2005,68,Total,7458
2005,69,Hombres,4966
2005,69,Mujeres,3546
2005,69,Total,8512
2005,70,Hombres,5146
2005,70,Mujeres,3925
2005,70,Total,9071
2005,71,Hombres,5459
2005,71,Mujeres,4231
2005,71,Total,9690
2005,72,Hombres,6525
2005,72,Mujeres,4997
2005,72,Total,11522
2005,73,Hombres,6740
2005,73,Mujeres,5710
2005,73,Total,12450
2005,74,Hombres,7909
2005,74,Mujeres,5966
2005,74,Total,13875
2005,75,Hombres,2863
2005,75,Mujeres,2664
2005,75,Total,5527
2005,76,Hombres,3302
2005,76,Mujeres,2524
2005,76,Total,5826
2005,77,Hombres,3770
2005,77,Mujeres,3172
2005,77,Total,6942
2005,78,Hombres,4290
2005,78,Mujeres,3306
2005,78,Total,7596
2005,79,Hombres,4432
2005,79,Mujeres,3607
2005,79,Total,8039
2005,80,Hombres,4997
2005,80,Mujeres,3946
2005,80,Total,8943
2005,81,Hombres,5527
2005,81,Mujeres,4208
2005,81,Total,9735
2005,82,Hombres,5792
2005,82,Mujeres,4797
2005,82,Total,10589
2005,83,Hombres,6308
2005,83,Mujeres,5160
2005,83,Total,11468
2005,84,Hombres,6917
2005,84,Mujeres,5575
2005,84,Total,12492
2005,85,Hombres,1571
2005,85,Mujeres,1307
2005,85,Total,2878
2005,86,Hombres,1771
2005,86,Mujeres,1226
2005,86,Total,2997
2005,87,Hombres,1846
2005,87,Mujeres,1568
2005,87,Total,3414
2005,88,Hombres,1984
2005,88,Mujeres,1744
2005,88,Total,3728
2005,89,Hombres,2260
2005,89,Mujeres,1768
2005,89,Total,4028
2005,90,Hombres,2581
2005,90,Mujeres,1904
2005,90,Total,4485
2005,91,Hombres,2638
2005,91,Mujeres,2237
2005,91,Total,4875
2005,92,Hombres,2883
2005,92,Mujeres,2487
2005,92,Total,5370
2005,93,Hombres,3195
2005,93,Mujeres,2704
2005,93,Total,5899
2005,94,Hombres,3577
2005,94,Mujeres,3072
2005,94,Total,6649
2005,95,Hombres,669
2005,95,Mujeres,544
2005,95,Total,1213
2005,96,Hombres,675
2005,96,Mujeres,631
2005,96,Total,1306
2005,97,Hombres,799
2005,97,Mujeres,691
2005,97,Total,1490
2005,98,Hombres,862
2005,98,Mujeres,734
2005,98,Total,1596
2005,99,Hombres,926
2005,99,Mujeres,872
2005,99,Total,1798
2005,100,Hombres,11136
2005,100,Mujeres,11720
2005,100,Total,22856
2006,0,Hombres,20923
2006,0,Mujeres,18675
2006,0,Total,39598
2006,1,Hombres,9391
2006,1,Mujeres,8277
2006,1,Total,17668
2006,2,Hombres,4056
2006,2,Mujeres,3678
2006,2,Total,7734
2006,3,Hombres,1855
2006,3,Mujeres,1709
2006,3,Total,3564
2006,4,Hombres,825
2006,4,Mujeres,782
2006,4,Total,1607
2006,5,Hombres,945
2006,5,Mujeres,495
2006,5,Total,1440
2006,6,Hombres,963
2006,6,Mujeres,519
2006,6,Total,1482
2006,7,Hombres,1039
2006,7,Mujeres,557
2006,7,Total,1596
2006,8,Hombres,1158
2006,8,Mujeres,612
2006,8,Total,1770
2006,9,Hombres,1222
2006,9,Mujeres,603
2006,9,Total,1825
2006,10,Hombres,1256
2006,10,Mujeres,797
2006,10,Total,2053
2006,11,Hombres,1506
2006,11,Mujeres,764
2006,11,Total,2270
2006,12,Hombres,1728
2006,12,Mujeres,746
2006,12,Total,2474
2006,13,Hombres,1901
2006,13,Mujeres,947
2006,13,Total,2848
2006,14,Hombres,1941
2006,14,Mujeres,934
2006,14,Total,2875
2006,15,Hombres,1888
2006,15,Mujeres,812
2006,15,Total,2700
2006,16,Hombres,1997
2006,16,Mujeres,901
2006,16,Total,2898
2006,17,Hombres,2170
2006,17,Mujeres,954
2006,17,Total,3124
2006,18,Hombres,2322
2006,18,Mujeres,982
2006,18,Total,3304
2006,19,Hombres,2442
2006,19,Mujeres,1068
2006,19,Total,3510
2006,20,Hombres,2316
2006,20,Mujeres,1083
2006,20,Total,3399
2006,21,Hombres,2708
2006,21,Mujeres,1032
2006,21,Total,3740
2006,22,Hombres,2792
2006,22,Mujeres,1228
2006,22,Total,4020
2006,23,Hombres,2543
2006,23,Mujeres,1090
2006,23,Total,3633
2006,24,Hombres,2628
2006,24,Mujeres,1189
2006,24,Total,3817
2006,25,Hombres,2152
2006,25,Mujeres,958
2006,25,Total,3110
2006,26,Hombres,2203
2006,26,Mujeres,977
2006,26,Total,3180
2006,27,Hombres,2017
2006,27,Mujeres,916
2006,27,Total,2933
2006,28,Hombres,1944
2006,28,Mujeres,1015
2006,28,Total,2959
2006,29,Hombres,2020
2006,29,Mujeres,978
2006,29,Total,2998
2006,30,Hombres,1828
2006,30,Mujeres,1022
2006,30,Total,2850
2006,31,Hombres,1905
2006,31,Mujeres,971
2006,31,Total,2876
2006,32,Hombres,1862
2006,32,Mujeres,970
2006,32,Total,2832
2006,33,Hombres,1763
2006,33,Mujeres,949
2006,33,Total,2712
2006,34,Hombres,1682
2006,34,Mujeres,990
2006,34,Total,2672
2006,35,Hombres,1357
2006,35,Mujeres,809
2006,35,Total,2166
2006,36,Hombres,1328
2006,36,Mujeres,815
2006,36,Total,2143
2006,37,Hombres,1306
2006,37,Mujeres,881
2006,37,Total,2187
2006,38,Hombres,1392
2006,38,Mujeres,839
2006,38,Total,2231
2006,39,Hombres,1521
2006,39,Mujeres,990
2006,39,Total,2511
2006,40,Hombres,1515
2006,40,Mujeres,1073
2006,40,Total,2588
2006,41,Hombres,1545
2006,41,Mujeres,1109
2006,41,Total,2654
2006,42,Hombres,1761
2006,42,Mujeres,1088
2006,42,Total,2849
2006,43,Hombres,1802
2006,43,Mujeres,1183
2006,43,Total,2985
2006,44,Hombres,1807
2006,44,Mujeres,1458
2006,44,Total,3265
2006,45,Hombres,1524
2006,45,Mujeres,1061
2006,45,Total,2585
2006,46,Hombres,1690
2006,46,Mujeres,1255
2006,46,Total,2945
2006,47,Hombres,1725
2006,47,Mujeres,1279
2006,47,Total,3004
2006,48,Hombres,2075
2006,48,Mujeres,1521
2006,48,Total,3596
2006,49,Hombres,2097
2006,49,Mujeres,1542
2006,49,Total,3639
2006,50,Hombres,2475
2006,50,Mujeres,1783
2006,50,Total,4258
2006,51,Hombres,2505
2006,51,Mujeres,1732
2006,51,Total,4237
2006,52,Hombres,2593
2006,52,Mujeres,1977
2006,52,Total,4570
2006,53,Hombres,2878
2006,53,Mujeres,2239
2006,53,Total,5117
2006,54,Hombres,3224
2006,54,Mujeres,2368
2006,54,Total,5592
2006,55,Hombres,2477
2006,55,Mujeres,1861
2006,55,Total,4338
2006,56,Hombres,2671
2006,56,Mujeres,1935
2006,56,Total,4606
2006,57,Hombres,2727
2006,57,Mujeres,2164
2006,57,Total,4891
2006,58,Hombres,2984
2006,58,Mujeres,2345
2006,58,Total,5329
2006,59,Hombres,3590
2006,59,Mujeres,2830
2006,59,Total,6420
2006,60,Hombres,3590
2006,60,Mujeres,2977
2006,60,Total,6567
2006,61,Hombres,4129
2006,61,Mujeres,3098
2006,61,Total,7227
2006,62,Hombres,4358
2006,62,Mujeres,3315
2006,62,Total,7673
2006,63,Hombres,4822
2006,63,Mujeres,3724
2006,63,Total,8546
2006,64,Hombres,5184
2006,64,Mujeres,4190
2006,64,Total,9374
2006,65,Hombres,3424
2006,65,Mujeres,2672
2006,65,Total,6096
2006,66,Hombres,3756
2006,66,Mujeres,2757
2006,66,Total,6513
2006,67,Hombres,3691
2006,67,Mujeres,3240
2006,67,Total,6931
2006,68,Hombres,4163
2006,68,Mujeres,3458
2006,68,Total,7621
2006,69,Hombres,4630
2006,69,Mujeres,3547
2006,69,Total,8177
2006,70,Hombres,5225
2006,70,Mujeres,4216
2006,70,Total,9441
2006,71,Hombres,5571
2006,71,Mujeres,4115
2006,71,Total,9686
2006,72,Hombres,6115
2006,72,Mujeres,4932
2006,72,Total,11047
2006,73,Hombres,6753
2006,73,Mujeres,5565
2006,73,Total,12318
2006,74,Hombres,7712
2006,74,Mujeres,5981
2006,74,Total,13693
2006,75,Hombres,3118
2006,75,Mujeres,2325
2006,75,Total,5443
2006,76,Hombres,3483
2006,76,Mujeres,2643
2006,76,Total,6126
2006,77,Hombres,3804
2006,77,Mujeres,2866
2006,77,Total,6670
2006,78,Hombres,4106
2006,78,Mujeres,3212
2006,78,Total,7318
2006,79,Hombres,4619
2006,79,Mujeres,3682
2006,79,Total,8301
2006,80,Hombres,4808
2006,80,Mujeres,3824
2006,80,Total,8632
2006,81,Hombres,5567
2006,81,Mujeres,4375
2006,81,Total,9942
2006,82,Hombres,5832
2006,82,Mujeres,4899
2006,82,Total,10731
2006,83,Hombres,6317
2006,83,Mujeres,5473
2006,83,Total,11790
2006,84,Hombres,7453
2006,84,Mujeres,5676
2006,84,Total,13129
2006,85,Hombres,1698
2006,85,Mujeres,1215
2006,85,Total,2913
2006,86,Hombres,1723
2006,86,Mujeres,1445
2006,86,Total,3168
2006,87,Hombres,1898
2006,87,Mujeres,1586
2006,87,Total,3484
2006,88,Hombres,2071
2006,88,Mujeres,1649
2006,88,Total,3720
2006,89,Hombres,2292
2006,89,Mujeres,1830
2006,89,Total,4122
2006,90,Hombres,2676
2006,90,Mujeres,2076
2006,90,Total,4752
2006,91,Hombres,2652
2006,91,Mujeres,2236
2006,91,Total,4888
2006,92,Hombres,2942
2006,92,Mujeres,2432
2006,92,Total,5374
2006,93,Hombres,3330
2006,93,Mujeres,2670
2006,93,Total,6000
2006,94,Hombres,3382
2006,94,Mujeres,3025
2006,94,Total,6407
2006,95,Hombres,733
2006,95,Mujeres,534
2006,95,Total,1267
2006,96,Hombres,723
2006,96,Mujeres,604
2006,96,Total,1327
2006,97,Hombres,719
2006,97,Mujeres,672
2006,97,Total,1391
2006,98,Hombres,882
2006,98,Mujeres,702
2006,98,Total,1584
2006,99,Hombres,988
2006,99,Mujeres,830
2006,99,Total,1818
2006,100,Hombres,11269
2006,100,Mujeres,12302
2006,100,Total,23571
2007,0,Hombres,20734
2007,0,Mujeres,18748
2007,0,Total,39482
2007,1,Hombres,9487
2007,1,Mujeres,8253
2007,1,Total,17740
2007,2,Hombres,4415
2007,2,Mujeres,3699
2007,2,Total,8114
2007,3,Hombres,1896
2007,3,Mujeres,1692
2007,3,Total,3588
2007,4,Hombres,824
2007,4,Mujeres,688
2007,4,Total,1512
2007,5,Hombres,891
2007,5,Mujeres,492
2007,5,Total,1383
2007,6,Hombres,1064
2007,6,Mujeres,515
2007,6,Total,1579
2007,7,Hombres,1063
2007,7,Mujeres,581
2007,7,Total,1644
2007,8,Hombres,1175
2007,8,Mujeres,602
2007,8,Total,1777
2007,9,Hombres,1294
2007,9,Mujeres,645
2007,9,Total,1939
2007,10,Hombres,1370
2007,10,Mujeres,643
2007,10,Total,2013
2007,11,Hombres,1506
2007,11,Mujeres,840
2007,11,Total,2346
2007,12,Hombres,1666
2007,12,Mujeres,794
2007,12,Total,2460
2007,13,Hombres,1862
2007,13,Mujeres,894
2007,13,Total,2756
2007,14,Hombres,2033
2007,14,Mujeres,842
2007,14,Total,2875
2007,15,Hombres,1983
2007,15,Mujeres,883
2007,15,Total,2866
2007,16,Hombres,2030
2007,16,Mujeres,965
2007,16,Total,2995
2007,17,Hombres,2335
2007,17,Mujeres,1019
2007,17,Total,3354
2007,18,Hombres,2292
2007,18,Mujeres,1120
2007,18,Total,3412
2007,19,Hombres,2446
2007,19,Mujeres,1170
2007,19,Total,3616
2007,20,Hombres,2564
2007,20,Mujeres,1057
2007,20,Total,3621
2007,21,Hombres,2700
2007,21,Mujeres,1161
2007,21,Total,3861
2007,22,Hombres,2661
2007,22,Mujeres,1184
2007,22,Total,3845
2007,23,Hombres,2630
2007,23,Mujeres,1187
2007,23,Total,3817
2007,24,Hombres,2635
2007,24,Mujeres,1137
2007,24,Total,3772
2007,25,Hombres,2256
2007,25,Mujeres,1035
2007,25,Total,3291
2007,26,Hombres,2303
2007,26,Mujeres,1013
2007,26,Total,3316
2007,27,Hombres,2029
2007,27,Mujeres,1040
2007,27,Total,3069
2007,28,Hombres,2144
2007,28,Mujeres,1006
2007,28,Total,3150
2007,29,Hombres,1979
2007,29,Mujeres,974
2007,29,Total,2953
2007,30,Hombres,1811
2007,30,Mujeres,1007
2007,30,Total,2818
2007,31,Hombres,1849
2007,31,Mujeres,980
2007,31,Total,2829
2007,32,Hombres,1758
2007,32,Mujeres,1009
2007,32,Total,2767
2007,33,Hombres,1715
2007,33,Mujeres,947
2007,33,Total,2662
2007,34,Hombres,1766
2007,34,Mujeres,997
2007,34,Total,2763
2007,35,Hombres,1346
2007,35,Mujeres,893
2007,35,Total,2239
2007,36,Hombres,1315
2007,36,Mujeres,812
2007,36,Total,2127
2007,37,Hombres,1258
2007,37,Mujeres,883
2007,37,Total,2141
2007,38,Hombres,1390
2007,38,Mujeres,935
2007,38,Total,2325
2007,39,Hombres,1462
2007,39,Mujeres,981
2007,39,Total,2443
2007,40,Hombres,1707
2007,40,Mujeres,1178
2007,40,Total,2885
2007,41,Hombres,1674
2007,41,Mujeres,1142
2007,41,Total,2816
2007,42,Hombres,1767
2007,42,Mujeres,1262
2007,42,Total,3029
2007,43,Hombres,1750
2007,43,Mujeres,1185
2007,43,Total,2935
2007,44,Hombres,1826
2007,44,Mujeres,1387
2007,44,Total,3213
2007,45,Hombres,1577
2007,45,Mujeres,1154
2007,45,Total,2731
2007,46,Hombres,1668
2007,46,Mujeres,1178
2007,46,Total,2846
2007,47,Hombres,1855
2007,47,Mujeres,1355
2007,47,Total,3210
2007,48,Hombres,1803
2007,48,Mujeres,1437
2007,48,Total,3240
2007,49,Hombres,2108
2007,49,Mujeres,1471
2007,49,Total,3579
2007,50,Hombres,2266
2007,50,Mujeres,1687
2007,50,Total,3953
2007,51,Hombres,2581
2007,51,Mujeres,1827
2007,51,Total,4408
2007,52,Hombres,2580
2007,52,Mujeres,2152
2007,52,Total,4732
2007,53,Hombres,3059
2007,53,Mujeres,2245
2007,53,Total,5304
2007,54,Hombres,3113
2007,54,Mujeres,2321
2007,54,Total,5434
2007,55,Hombres,2297
2007,55,Mujeres,1901
2007,55,Total,4198
2007,56,Hombres,2873
2007,56,Mujeres,2029
2007,56,Total,4902
2007,57,Hombres,2813
2007,57,Mujeres,2132
2007,57,Total,4945
2007,58,Hombres,3232
2007,58,Mujeres,2247
2007,58,Total,5479
2007,59,Hombres,3428
2007,59,Mujeres,2510
2007,59,Total,5938
2007,60,Hombres,3705
2007,60,Mujeres,2840
2007,60,Total,6545
2007,61,Hombres,4178
2007,61,Mujeres,3093
2007,61,Total,7271
2007,62,Hombres,4342
2007,62,Mujeres,3148
2007,62,Total,7490
2007,63,Hombres,4834
2007,63,Mujeres,4029
2007,63,Total,8863
2007,64,Hombres,5638
2007,64,Mujeres,4085
2007,64,Total,9723
2007,65,Hombres,3230
2007,65,Mujeres,2698
2007,65,Total,5928
2007,66,Hombres,3593
2007,66,Mujeres,2843
2007,66,Total,6436
2007,67,Hombres,4166
2007,67,Mujeres,3210
2007,67,Total,7376
2007,68,Hombres,4325
2007,68,Mujeres,3363
2007,68,Total,7688
2007,69,Hombres,4561
2007,69,Mujeres,3698
2007,69,Total,8259
2007,70,Hombres,5099
2007,70,Mujeres,4098
2007,70,Total,9197
2007,71,Hombres,5770
2007,71,Mujeres,4422
2007,71,Total,10192
2007,72,Hombres,6596
2007,72,Mujeres,4919
2007,72,Total,11515
2007,73,Hombres,6841
2007,73,Mujeres,5265
2007,73,Total,12106
2007,74,Hombres,7085
2007,74,Mujeres,6129
2007,74,Total,13214
2007,75,Hombres,3211
2007,75,Mujeres,2412
2007,75,Total,5623
2007,76,Hombres,3443
2007,76,Mujeres,2832
2007,76,Total,6275
2007,77,Hombres,3615
2007,77,Mujeres,2921
2007,77,Total,6536
2007,78,Hombres,4235
2007,78,Mujeres,3150
2007,78,Total,7385
2007,79,Hombres,4559
2007,79,Mujeres,3446
2007,79,Total,8005
2007,80,Hombres,5014
2007,80,Mujeres,3980
2007,80,Total,8994
2007,81,Hombres,5102
2007,81,Mujeres,4449
2007,81,Total,9551
2007,82,Hombres,5727
2007,82,Mujeres,4572
2007,82,Total,10299
2007,83,Hombres,6485
2007,83,Mujeres,5468
2007,83,Total,11953
2007,84,Hombres,6887
2007,84,Mujeres,5848
2007,84,Total,12735
2007,85,Hombres,1597
2007,85,Mujeres,1230
2007,85,Total,2827
2007,86,Hombres,1765
2007,86,Mujeres,1416
2007,86,Total,3181
2007,87,Hombres,1807
2007,87,Mujeres,1561
2007,87,Total,3368
2007,88,Hombres,1976
2007,88,Mujeres,1549
2007,88,Total,3525
2007,89,Hombres,2253
2007,89,Mujeres,1835
2007,89,Total,4088
2007,90,Hombres,2310
2007,90,Mujeres,1980
2007,90,Total,4290
2007,91,Hombres,2781
2007,91,Mujeres,2333
2007,91,Total,5114
2007,92,Hombres,2998
2007,92,Mujeres,2435
2007,92,Total,5433
2007,93,Hombres,3291
2007,93,Mujeres,2844
2007,93,Total,6135
2007,94,Hombres,3524
2007,94,Mujeres,2985
2007,94,Total,6509
2007,95,Hombres,624
2007,95,Mujeres,544
2007,95,Total,1168
2007,96,Hombres,764
2007,96,Mujeres,644
2007,96,Total,1408
2007,97,Hombres,802
2007,97,Mujeres,644
2007,97,Total,1446
2007,98,Hombres,901
2007,98,Mujeres,657
2007,98,Total,1558
2007,99,Hombres,958
2007,99,Mujeres,788
2007,99,Total,1746
2007,100,Hombres,10781
2007,100,Mujeres,12261
2007,100,Total,23042
2008,0,Hombres,21384
2008,0,Mujeres,17859
2008,0,Total,39243
2008,1,Hombres,9365
2008,1,Mujeres,8418
2008,1,Total,17783
2008,2,Hombres,4360
2008,2,Mujeres,3439
2008,2,Total,7799
2008,3,Hombres,2046
2008,3,Mujeres,1652
2008,3,Total,3698
2008,4,Hombres,944
2008,4,Mujeres,753
2008,4,Total,1697
2008,5,Hombres,902
2008,5,Mujeres,508
2008,5,Total,1410
2008,6,Hombres,970
2008,6,Mujeres,572
2008,6,Total,1542
2008,7,Hombres,1122
2008,7,Mujeres,536
2008,7,Total,1658
2008,8,Hombres,1123
2008,8,Mujeres,627
2008,8,Total,1750
2008,9,Hombres,1203
2008,9,Mujeres,659
2008,9,Total,1862
2008,10,Hombres,1320
2008,10,Mujeres,701
2008,10,Total,2021
2008,11,Hombres,1597
2008,11,Mujeres,703
2008,11,Total,2300
2008,12,Hombres,1668
2008,12,Mujeres,830
2008,12,Total,2498
2008,13,Hombres,1802
2008,13,Mujeres,851
2008,13,Total,2653
2008,14,Hombres,1934
2008,14,Mujeres,984
2008,14,Total,2918
2008,15,Hombres,1935
2008,15,Mujeres,946
2008,15,Total,2881
2008,16,Hombres,2093
2008,16,Mujeres,1023
2008,16,Total,3116
2008,17,Hombres,2205
2008,17,Mujeres,960
2008,17,Total,3165
2008,18,Hombres,2319
2008,18,Mujeres,1074
2008,18,Total,3393
2008,19,Hombres,2520
2008,19,Mujeres,1089
2008,19,Total,3609
2008,20,Hombres,2470
2008,20,Mujeres,1166
2008,20,Total,3636
2008,21,Hombres,2534
2008,21,Mujeres,1205
2008,21,Total,3739
2008,22,Hombres,2644
2008,22,Mujeres,1147
2008,22,Total,3791
2008,23,Hombres,2478
2008,23,Mujeres,1194
2008,23,Total,3672
2008,24,Hombres,2626
2008,24,Mujeres,1199
2008,24,Total,3825
2008,25,Hombres,2135
2008,25,Mujeres,1027
2008,25,Total,3162
2008,26,Hombres,2237
2008,26,Mujeres,1048
2008,26,Total,3285
2008,27,Hombres,2043
2008,27,Mujeres,935
2008,27,Total,2978
2008,28,Hombres,1988
2008,28,Mujeres,1002
2008,28,Total,2990
2008,29,Hombres,2119
2008,29,Mujeres,1003
2008,29,Total,3122
2008,30,Hombres,1981
2008,30,Mujeres,1041
2008,30,Total,3022
2008,31,Hombres,1859
2008,31,Mujeres,965
2008,31,Total,2824
2008,32,Hombres,1865
2008,32,Mujeres,953
2008,32,Total,2818
2008,33,Hombres,1747
2008,33,Mujeres,990
2008,33,Total,2737
2008,34,Hombres,1690
2008,34,Mujeres,996
2008,34,Total,2686
2008,35,Hombres,1368
2008,35,Mujeres,820
2008,35,Total,2188
2008,36,Hombres,1325
2008,36,Mujeres,862
2008,36,Total,2187
2008,37,Hombres,1444
2008,37,Mujeres,858
2008,37,Total,2302
2008,38,Hombres,1392
2008,38,Mujeres,896
2008,38,Total,2288
2008,39,Hombres,1460
2008,39,Mujeres,1062
2008,39,Total,2522
2008,40,Hombres,1509
2008,40,Mujeres,1022
2008,40,Total,2531
2008,41,Hombres,1694
2008,41,Mujeres,1127
2008,41,Total,2821
2008,42,Hombres,1688
2008,42,Mujeres,1152
2008,42,Total,2840
2008,43,Hombres,1814
2008,43,Mujeres,1308
2008,43,Total,3122
2008,44,Hombres,1978
2008,44,Mujeres,1382
2008,44,Total,3360
2008,45,Hombres,1561
2008,45,Mujeres,1212
2008,45,Total,2773
2008,46,Hombres,1715
2008,46,Mujeres,1250
2008,46,Total,2965
2008,47,Hombres,1925
2008,47,Mujeres,1359
2008,47,Total,3284
2008,48,Hombres,1845
2008,48,Mujeres,1501
2008,48,Total,3346
2008,49,Hombres,2155
2008,49,Mujeres,1517
2008,49,Total,3672
2008,50,Hombres,2315
2008,50,Mujeres,1689
2008,50,Total,4004
2008,51,Hombres,2576
2008,51,Mujeres,1891
2008,51,Total,4467
2008,52,Hombres,2728
2008,52,Mujeres,1907
2008,52,Total,4635
2008,53,Hombres,2996
2008,53,Mujeres,2297
2008,53,Total,5293
2008,54,Hombres,3152
2008,54,Mujeres,2515
2008,54,Total,5667
2008,55,Hombres,2394
2008,55,Mujeres,1835
2008,55,Total,4229
2008,56,Hombres,2722
2008,56,Mujeres,2090
2008,56,Total,4812
2008,57,Hombres,3004
2008,57,Mujeres,2209
2008,57,Total,5213
2008,58,Hombres,3135
2008,58,Mujeres,2360
2008,58,Total,5495
2008,59,Hombres,3536
2008,59,Mujeres,2500
2008,59,Total,6036
2008,60,Hombres,3724
2008,60,Mujeres,2807
2008,60,Total,6531
2008,61,Hombres,4195
2008,61,Mujeres,3437
2008,61,Total,7632
2008,62,Hombres,4497
2008,62,Mujeres,3496
2008,62,Total,7993
2008,63,Hombres,4896
2008,63,Mujeres,3957
2008,63,Total,8853
2008,64,Hombres,5262
2008,64,Mujeres,4076
2008,64,Total,9338
2008,65,Hombres,3587
2008,65,Mujeres,2718
2008,65,Total,6305
2008,66,Hombres,3684
2008,66,Mujeres,2892
2008,66,Total,6576
2008,67,Hombres,3730
2008,67,Mujeres,3213
2008,67,Total,6943
2008,68,Hombres,4356
2008,68,Mujeres,3272
2008,68,Total,7628
2008,69,Hombres,4950
2008,69,Mujeres,4035
2008,69,Total,8985
2008,70,Hombres,5322
2008,70,Mujeres,4210
2008,70,Total,9532
2008,71,Hombres,6197
2008,71,Mujeres,4861
2008,71,Total,11058
2008,72,Hombres,6938
2008,72,Mujeres,5047
2008,72,Total,11985
2008,73,Hombres,7015
2008,73,Mujeres,5094
2008,73,Total,12109
2008,74,Hombres,7642
2008,74,Mujeres,5858
2008,74,Total,13500
2008,75,Hombres,3461
2008,75,Mujeres,2442
2008,75,Total,5903
2008,76,Hombres,3362
2008,76,Mujeres,2760
2008,76,Total,6122
2008,77,Hombres,3665
2008,77,Mujeres,3206
2008,77,Total,6871
2008,78,Hombres,3938
2008,78,Mujeres,3330
2008,78,Total,7268
2008,79,Hombres,4309
2008,79,Mujeres,3474
2008,79,Total,7783
2008,80,Hombres,5013
2008,80,Mujeres,4016
2008,80,Total,9029
2008,81,Hombres,5339
2008,81,Mujeres,4300
2008,81,Total,9639
2008,82,Hombres,5752
2008,82,Mujeres,4850
2008,82,Total,10602
2008,83,Hombres,6182
2008,83,Mujeres,5474
2008,83,Total,11656
2008,84,Hombres,7015
2008,84,Mujeres,5534
2008,84,Total,12549
2008,85,Hombres,1551
2008,85,Mujeres,1276
2008,85,Total,2827
2008,86,Hombres,1757
2008,86,Mujeres,1413
2008,86,Total,3170
2008,87,Hombres,1760
2008,87,Mujeres,1564
2008,87,Total,3324
2008,88,Hombres,2081
2008,88,Mujeres,1715
2008,88,Total,3796
2008,89,Hombres,2290
2008,89,Mujeres,1862
2008,89,Total,4152
2008,90,Hombres,2472
2008,90,Mujeres,2008
2008,90,Total,4480
2008,91,Hombres,2973
2008,91,Mujeres,2200
2008,91,Total,5173
2008,92,Hombres,3106
2008,92,Mujeres,2526
2008,92,Total,5632
2008,93,Hombres,3223
2008,93,Mujeres,2599
2008,93,Total,5822
2008,94,Hombres,3413
2008,94,Mujeres,2855
2008,94,Total,6268
2008,95,Hombres,715
2008,95,Mujeres,579
2008,95,Total,1294
2008,96,Hombres,721
2008,96,Mujeres,587
2008,96,Total,1308
2008,97,Hombres,761
2008,97,Mujeres,596
2008,97,Total,1357
2008,98,Hombres,901
2008,98,Mujeres,779
2008,98,Total,1680
2008,99,Hombres,977
2008,99,Mujeres,778
2008,99,Total,1755
2008,100,Hombres,9734
2008,100,Mujeres,10528
2008,100,Total,20262
2009,0,Hombres,21371
2009,0,Mujeres,17992
2009,0,Total,39363
2009,1,Hombres,9415
2009,1,Mujeres,8302
2009,1,Total,17717
2009,2,Hombres,4342
2009,2,Mujeres,3606
2009,2,Total,7948
2009,3,Hombres,1975
2009,3,Mujeres,1800
2009,3,Total,3775
2009,4,Hombres,837
2009,4,Mujeres,789
2009,4,Total,1626
2009,5,Hombres,900
2009,5,Mujeres,529
2009,5,Total,1429
2009,6,Hombres,1027
2009,6,Mujeres,559
2009,6,Total,1586
2009,7,Hombres,1068
2009,7,Mujeres,590
2009,7,Total,1658
2009,8,Hombres,1193
2009,8,Mujeres,634
2009,8,Total,1827
2009,9,Hombres,1263
2009,9,Mujeres,652
2009,9,Total,1915
2009,10,Hombres,1422
2009,10,Mujeres,705
2009,10,Total,2127
2009,11,Hombres,1488
2009,11,Mujeres,719
2009,11,Total,2207
2009,12,Hombres,1611
2009,12,Mujeres,792
2009,12,Total,2403
2009,13,Hombres,1852
2009,13,Mujeres,849
2009,13,Total,2701
2009,14,Hombres,2018
2009,14,Mujeres,935
2009,14,Total,2953
2009,15,Hombres,2036
2009,15,Mujeres,885
2009,15,Total,2921
2009,16,Hombres,1987
2009,16,Mujeres,997
2009,16,Total,2984
2009,17,Hombres,2133
2009,17,Mujeres,1035
2009,17,Total,3168
2009,18,Hombres,2410
2009,18,Mujeres,968
2009,18,Total,3378
2009,19,Hombres,2548
2009,19,Mujeres,1079
2009,19,Total,3627
2009,20,Hombres,2606
2009,20,Mujeres,1121
2009,20,Total,3727
2009,21,Hombres,2690
2009,21,Mujeres,1129
2009,21,Total,3819
2009,22,Hombres,2785
2009,22,Mujeres,1120
2009,22,Total,3905
2009,23,Hombres,2817
2009,23,Mujeres,1148
2009,23,Total,3965
2009,24,Hombres,2798
2009,24,Mujeres,1240
2009,24,Total,4038
2009,25,Hombres,2086
2009,25,Mujeres,1055
2009,25,Total,3141
2009,26,Hombres,2088
2009,26,Mujeres,1020
2009,26,Total,3108
2009,27,Hombres,2145
2009,27,Mujeres,1003
2009,27,Total,3148
2009,28,Hombres,2151
2009,28,Mujeres,1028
2009,28,Total,3179
2009,29,Hombres,1935
2009,29,Mujeres,993
2009,29,Total,2928
2009,30,Hombres,1745
2009,30,Mujeres,943
2009,30,Total,2688
2009,31,Hombres,1953
2009,31,Mujeres,1064
2009,31,Total,3017
2009,32,Hombres,1716
2009,32,Mujeres,980
2009,32,Total,2696
2009,33,Hombres,1725
2009,33,Mujeres,1049
2009,33,Total,2774
2009,34,Hombres,1658
2009,34,Mujeres,1033
2009,34,Total,2691
2009,35,Hombres,1397
2009,35,Mujeres,819
2009,35,Total,2216
2009,36,Hombres,1456
2009,36,Mujeres,823
2009,36,Total,2279
2009,37,Hombres,1433
2009,37,Mujeres,887
2009,37,Total,2320
2009,38,Hombres,1409
2009,38,Mujeres,875
2009,38,Total,2284
2009,39,Hombres,1439
2009,39,Mujeres,1008
2009,39,Total,2447
2009,40,Hombres,1531
2009,40,Mujeres,1039
2009,40,Total,2570
2009,41,Hombres,1677
2009,41,Mujeres,1116
2009,41,Total,2793
2009,42,Hombres,1769
2009,42,Mujeres,1173
2009,42,Total,2942
2009,43,Hombres,1760
2009,43,Mujeres,1368
2009,43,Total,3128
2009,44,Hombres,1803
2009,44,Mujeres,1398
2009,44,Total,3201
2009,45,Hombres,1520
2009,45,Mujeres,1153
2009,45,Total,2673
2009,46,Hombres,1839
2009,46,Mujeres,1371
2009,46,Total,3210
2009,47,Hombres,1868
2009,47,Mujeres,1351
2009,47,Total,3219
2009,48,Hombres,1874
2009,48,Mujeres,1448
2009,48,Total,3322
2009,49,Hombres,2136
2009,49,Mujeres,1555
2009,49,Total,3691
2009,50,Hombres,2342
2009,50,Mujeres,1766
2009,50,Total,4108
2009,51,Hombres,2389
2009,51,Mujeres,1931
2009,51,Total,4320
2009,52,Hombres,2570
2009,52,Mujeres,1939
2009,52,Total,4509
2009,53,Hombres,3180
2009,53,Mujeres,2162
2009,53,Total,5342
2009,54,Hombres,2960
2009,54,Mujeres,2422
2009,54,Total,5382
2009,55,Hombres,2542
2009,55,Mujeres,2018
2009,55,Total,4560
2009,56,Hombres,2589
2009,56,Mujeres,2027
2009,56,Total,4616
2009,57,Hombres,2938
2009,57,Mujeres,2203
2009,57,Total,5141
2009,58,Hombres,3475
2009,58,Mujeres,2296
2009,58,Total,5771
2009,59,Hombres,3470
2009,59,Mujeres,2699
2009,59,Total,6169
2009,60,Hombres,3926
2009,60,Mujeres,2944
2009,60,Total,6870
2009,61,Hombres,4174
2009,61,Mujeres,3046
2009,61,Total,7220
2009,62,Hombres,4545
2009,62,Mujeres,3502
2009,62,Total,8047
2009,63,Hombres,5033
2009,63,Mujeres,3770
2009,63,Total,8803
2009,64,Hombres,5560
2009,64,Mujeres,4147
2009,64,Total,9707
2009,65,Hombres,3415
2009,65,Mujeres,2617
2009,65,Total,6032
2009,66,Hombres,3486
2009,66,Mujeres,2941
2009,66,Total,6427
2009,67,Hombres,3942
2009,67,Mujeres,3131
2009,67,Total,7073
2009,68,Hombres,4369
2009,68,Mujeres,3636
2009,68,Total,8005
2009,69,Hombres,4683
2009,69,Mujeres,4151
2009,69,Total,8834
2009,70,Hombres,5528
2009,70,Mujeres,4182
2009,70,Total,9710
2009,71,Hombres,5774
2009,71,Mujeres,4598
2009,71,Total,10372
2009,72,Hombres,6471
2009,72,Mujeres,5173
2009,72,Total,11644
2009,73,Hombres,7341
2009,73,Mujeres,5508
2009,73,Total,12849
2009,74,Hombres,7619
2009,74,Mujeres,6061
2009,74,Total,13680
2009,75,Hombres,3169
2009,75,Mujeres,2609
2009,75,Total,5778
2009,76,Hombres,3609
2009,76,Mujeres,2393
2009,76,Total,6002
2009,77,Hombres,3733
2009,77,Mujeres,3021
2009,77,Total,6754
2009,78,Hombres,4243
2009,78,Mujeres,3202
2009,78,Total,7445
2009,79,Hombres,4526
2009,79,Mujeres,3800
2009,79,Total,8326
2009,80,Hombres,4923
2009,80,Mujeres,4003
2009,80,Total,8926
2009,81,Hombres,5276
2009,81,Mujeres,4176
2009,81,Total,9452
2009,82,Hombres,5939
2009,82,Mujeres,4943
2009,82,Total,10882
2009,83,Hombres,6861
2009,83,Mujeres,5216
2009,83,Total,12077
2009,84,Hombres,7359
2009,84,Mujeres,5879
2009,84,Total,13238
2009,85,Hombres,1555
2009,85,Mujeres,1289
2009,85,Total,2844
2009,86,Hombres,1827
2009,86,Mujeres,1381
2009,86,Total,3208
2009,87,Hombres,1992
2009,87,Mujeres,1616
2009,87,Total,3608
2009,88,Hombres,2216
2009,88,Mujeres,1751
2009,88,Total,3967
2009,89,Hombres,2327
2009,89,Mujeres,1759
2009,89,Total,4086
2009,90,Hombres,2406
2009,90,Mujeres,2066
2009,90,Total,4472
2009,91,Hombres,2729
2009,91,Mujeres,2327
2009,91,Total,5056
2009,92,Hombres,2909
2009,92,Mujeres,2510
2009,92,Total,5419
2009,93,Hombres,3268
2009,93,Mujeres,2797
2009,93,Total,6065
2009,94,Hombres,3697
2009,94,Mujeres,2957
2009,94,Total,6654
2009,95,Hombres,645
2009,95,Mujeres,603
2009,95,Total,1248
2009,96,Hombres,686
2009,96,Mujeres,608
2009,96,Total,1294
2009,97,Hombres,747
2009,97,Mujeres,622
2009,97,Total,1369
2009,98,Hombres,954
2009,98,Mujeres,724
2009,98,Total,1678
2009,99,Hombres,1012
2009,99,Mujeres,760
2009,99,Total,1772
2009,100,Hombres,10154
2009,100,Mujeres,10261
2009,100,Total,20415
2010,0,Hombres,21573
2010,0,Mujeres,18809
2010,0,Total,40382
2010,1,Hombres,10072
2010,1,Mujeres,7847
2010,1,Total,17919
2010,2,Hombres,3956
2010,2,Mujeres,3883
2010,2,Total,7839
2010,3,Hombres,2075
2010,3,Mujeres,1734
2010,3,Total,3809
2010,4,Hombres,912
2010,4,Mujeres,746
2010,4,Total,1658
2010,5,Hombres,960
2010,5,Mujeres,488
2010,5,Total,1448
2010,6,Hombres,1020
2010,6,Mujeres,587
2010,6,Total,1607
2010,7,Hombres,1085
2010,7,Mujeres,669
2010,7,Total,1754
2010,8,Hombres,1183
2010,8,Mujeres,588
2010,8,Total,1771
2010,9,Hombres,1316
2010,9,Mujeres,618
2010,9,Total,1934
2010,10,Hombres,1404
2010,10,Mujeres,690
2010,10,Total,2094
2010,11,Hombres,1515
2010,11,Mujeres,775
2010,11,Total,2290
2010,12,Hombres,1660
2010,12,Mujeres,783
2010,12,Total,2443
2010,13,Hombres,1799
2010,13,Mujeres,900
2010,13,Total,2699
2010,14,Hombres,1984
2010,14,Mujeres,922
2010,14,Total,2906
2010,15,Hombres,1954
2010,15,Mujeres,846
2010,15,Total,2800
2010,16,Hombres,1978
2010,16,Mujeres,945
2010,16,Total,2923
2010,17,Hombres,2130
2010,17,Mujeres,955
2010,17,Total,3085
2010,18,Hombres,2336
2010,18,Mujeres,1100
2010,18,Total,3436
2010,19,Hombres,2605
2010,19,Mujeres,1061
2010,19,Total,3666
2010,20,Hombres,2694
2010,20,Mujeres,1172
2010,20,Total,3866
2010,21,Hombres,2623
2010,21,Mujeres,1178
2010,21,Total,3801
2010,22,Hombres,2669
2010,22,Mujeres,1183
2010,22,Total,3852
2010,23,Hombres,2564
2010,23,Mujeres,1229
2010,23,Total,3793
2010,24,Hombres,2815
2010,24,Mujeres,1240
2010,24,Total,4055
2010,25,Hombres,2217
2010,25,Mujeres,1061
2010,25,Total,3278
2010,26,Hombres,2241
2010,26,Mujeres,983
2010,26,Total,3224
2010,27,Hombres,2035
2010,27,Mujeres,1014
2010,27,Total,3049
2010,28,Hombres,2050
2010,28,Mujeres,1023
2010,28,Total,3073
2010,29,Hombres,1960
2010,29,Mujeres,947
2010,29,Total,2907
2010,30,Hombres,1876
2010,30,Mujeres,1038
2010,30,Total,2914
2010,31,Hombres,1718
2010,31,Mujeres,877
2010,31,Total,2595
2010,32,Hombres,1740
2010,32,Mujeres,983
2010,32,Total,2723
2010,33,Hombres,1716
2010,33,Mujeres,985
2010,33,Total,2701
2010,34,Hombres,1697
2010,34,Mujeres,1007
2010,34,Total,2704
2010,35,Hombres,1416
2010,35,Mujeres,866
2010,35,Total,2282
2010,36,Hombres,1395
2010,36,Mujeres,873
2010,36,Total,2268
2010,37,Hombres,1401
2010,37,Mujeres,939
2010,37,Total,2340
2010,38,Hombres,1466
2010,38,Mujeres,909
2010,38,Total,2375
2010,39,Hombres,1408
2010,39,Mujeres,1021
2010,39,Total,2429
2010,40,Hombres,1605
2010,40,Mujeres,996
2010,40,Total,2601
2010,41,Hombres,1543
2010,41,Mujeres,1202
2010,41,Total,2745
2010,42,Hombres,1623
2010,42,Mujeres,1298
2010,42,Total,2921
2010,43,Hombres,1837
2010,43,Mujeres,1305
2010,43,Total,3142
2010,44,Hombres,1949
2010,44,Mujeres,1375
2010,44,Total,3324
2010,45,Hombres,1601
2010,45,Mujeres,1157
2010,45,Total,2758
2010,46,Hombres,1739
2010,46,Mujeres,1190
2010,46,Total,2929
2010,47,Hombres,1819
2010,47,Mujeres,1351
2010,47,Total,3170
2010,48,Hombres,1892
2010,48,Mujeres,1413
2010,48,Total,3305
2010,49,Hombres,2036
2010,49,Mujeres,1594
2010,49,Total,3630
2010,50,Hombres,2607
2010,50,Mujeres,1819
2010,50,Total,4426
2010,51,Hombres,2503
2010,51,Mujeres,1874
2010,51,Total,4377
2010,52,Hombres,2754
2010,52,Mujeres,2018
2010,52,Total,4772
2010,53,Hombres,2837
2010,53,Mujeres,2291
2010,53,Total,5128
2010,54,Hombres,3208
2010,54,Mujeres,2503
2010,54,Total,5711
2010,55,Hombres,2500
2010,55,Mujeres,1799
2010,55,Total,4299
2010,56,Hombres,2778
2010,56,Mujeres,2113
2010,56,Total,4891
2010,57,Hombres,2926
2010,57,Mujeres,2181
2010,57,Total,5107
2010,58,Hombres,3255
2010,58,Mujeres,2592
2010,58,Total,5847
2010,59,Hombres,3393
2010,59,Mujeres,2516
2010,59,Total,5909
2010,60,Hombres,3863
2010,60,Mujeres,2998
2010,60,Total,6861
2010,61,Hombres,4163
2010,61,Mujeres,3351
2010,61,Total,7514
2010,62,Hombres,4502
2010,62,Mujeres,3674
2010,62,Total,8176
2010,63,Hombres,4708
2010,63,Mujeres,3771
2010,63,Total,8479
2010,64,Hombres,5317
2010,64,Mujeres,3981
2010,64,Total,9298
2010,65,Hombres,3333
2010,65,Mujeres,2786
2010,65,Total,6119
2010,66,Hombres,3800
2010,66,Mujeres,2959
2010,66,Total,6759
2010,67,Hombres,3787
2010,67,Mujeres,3242
2010,67,Total,7029
2010,68,Hombres,4448
2010,68,Mujeres,3418
2010,68,Total,7866
2010,69,Hombres,5105
2010,69,Mujeres,3914
2010,69,Total,9019
2010,70,Hombres,5146
2010,70,Mujeres,4259
2010,70,Total,9405
2010,71,Hombres,5929
2010,71,Mujeres,4759
2010,71,Total,10688
2010,72,Hombres,6701
2010,72,Mujeres,4828
2010,72,Total,11529
2010,73,Hombres,6912
2010,73,Mujeres,5416
2010,73,Total,12328
2010,74,Hombres,7742
2010,74,Mujeres,6284
2010,74,Total,14026
2010,75,Hombres,3300
2010,75,Mujeres,2494
2010,75,Total,5794
2010,76,Hombres,3510
2010,76,Mujeres,2717
2010,76,Total,6227
2010,77,Hombres,3680
2010,77,Mujeres,3187
2010,77,Total,6867
2010,78,Hombres,4068
2010,78,Mujeres,3426
2010,78,Total,7494
2010,79,Hombres,4923
2010,79,Mujeres,3751
2010,79,Total,8674
2010,80,Hombres,4964
2010,80,Mujeres,4029
2010,80,Total,8993
2010,81,Hombres,5506
2010,81,Mujeres,4693
2010,81,Total,10199
2010,82,Hombres,5671
2010,82,Mujeres,5091
2010,82,Total,10762
2010,83,Hombres,6432
2010,83,Mujeres,5400
2010,83,Total,11832
2010,84,Hombres,7171
2010,84,Mujeres,6013
2010,84,Total,13184
2010,85,Hombres,1488
2010,85,Mujeres,1227
2010,85,Total,2715
2010,86,Hombres,1878
2010,86,Mujeres,1393
2010,86,Total,3271
2010,87,Hombres,1956
2010,87,Mujeres,1463
2010,87,Total,3419
2010,88,Hombres,2133
2010,88,Mujeres,1636
2010,88,Total,3769
2010,89,Hombres,2349
2010,89,Mujeres,1879
2010,89,Total,4228
2010,90,Hombres,2758
2010,90,Mujeres,2119
2010,90,Total,4877
2010,91,Hombres,2815
2010,91,Mujeres,2153
2010,91,Total,4968
2010,92,Hombres,3007
2010,92,Mujeres,2517
2010,92,Total,5524
2010,93,Hombres,3531
2010,93,Mujeres,2778
2010,93,Total,6309
2010,94,Hombres,3560
2010,94,Mujeres,2927
2010,94,Total,6487
2010,95,Hombres,657
2010,95,Mujeres,555
2010,95,Total,1212
2010,96,Hombres,747
2010,96,Mujeres,623
2010,96,Total,1370
2010,97,Hombres,836
2010,97,Mujeres,673
2010,97,Total,1509
2010,98,Hombres,872
2010,98,Mujeres,754
2010,98,Total,1626
2010,99,Hombres,998
2010,99,Mujeres,816
2010,99,Total,1814
2010,100,Hombres,9868
2010,100,Mujeres,10194
2010,100,Total,20062
